"line_id";"line_name";"station_id";"station_name";"entry_id";"entry_name";"input_doors_count";"input_doors_bandwidth";"input_doors_total_bandwidth";"input_doors_note";"input_turnstile_count";"input_turnstile_bandwidth";"input_turnstile_total_bandwidth";"input_turnstile_note";"input_stairs_width";"input_stairs_bandwidth";"input_stairs_total_bandwidth";"input_stairs_note";"input_escalator_count";"input_escalator_bandwidth";"input_escalator_total_bandwidth";"input_escalator_note";"output_doors_count";"output_doors_bandwidth";"output_doors_total_bandwidth";"output_doors_note";"output_turnstile_count";"output_turnstile_bandwidth";"output_turnstile_total_bandwidth";"output_turnstile_note";"output_stairs_width";"output_stairs_bandwidth";"output_stairs_total_bandwidth";"output_stairs_note";"output_escalator_count";"output_escalator_bandwidth";"output_escalator_total_bandwidth";"note";"stop_id"
12;АРБАТСК-ПОКРОВСК;126;Киевская АПЛ;6;Город;4;3.2;12.8;"";7;1.0;7.0;"";2.7;3.2;8.6;Арка;4;8.2;24.6;"";3;3.2;9.6;"";6;2.5;15.0;"";0.0;0.0;0.0;"";0;0.0;0.0;"";9000055
12;АРБАТСК-ПОКРОВСК;126;Киевская АПЛ;7;Пригород;7;3.2;22.4;"";10;1.0;10.0;"";0.0;0.0;0.0;"";0;0.0;0.0;"";3;3.2;9.6;"";5;2.5;12.5;"";0.0;0.0;0.0;"";0;0.0;0.0;"";9000055
12;АРБАТСК-ПОКРОВСК;129;Смоленская АПЛ;5;Центр;3;3.2;9.6;"";8;1.0;8.0;"";0.0;0.0;0.0;"";3;8.2;24.6;"";3;3.2;9.6;"";0;0.0;0.0;"";0.0;0.0;0.0;"";0;0.0;0.0;"";9000056
12;АРБАТСК-ПОКРОВСК;131;Арбатская АПЛ;5;Центр;4;3.2;12.8;"";6;1.0;6.0;"";0.0;0.0;0.0;"";3;8.2;24.6;"";4;3.2;12.8;"";5;2.5;12.5;реверс;0.0;0.0;0.0;"";0;0.0;0.0;"";9000057
12;АРБАТСК-ПОКРОВСК;133;Пл. Революции;3;Запад;4;3.2;12.8;"";13;1.0;13.0;"";0.0;0.0;0.0;"";3;8.2;24.6;"";6;3.2;19.2;"";8;2.5;20.0;"";0.0;0.0;0.0;"";0;0.0;0.0;"";9000058
12;АРБАТСК-ПОКРОВСК;133;Пл. Революции;4;Восток;4;3.2;12.8;"";10;1.0;10.0;"";0.0;0.0;0.0;"";3;8.2;24.6;"";4;3.2;12.8;"";0;0.0;0.0;"";0.0;0.0;0.0;"";0;0.0;0.0;"";9000058
12;АРБАТСК-ПОКРОВСК;136;Курская АПЛ;5;Центр;4;3.2;12.8;"";6;1.0;6.0;"";0.0;0.0;0.0;"";3;8.2;24.6;"";4;3.2;12.8;"";0;0.0;0.0;"3 ПКА 1-реверс";0.0;0.0;0.0;"";0;0.0;0.0;"";9000059
12;АРБАТСК-ПОКРОВСК;138;Бауманская;5;Центр;6;3.2;19.2;"";9;1.0;9.0;"";0.0;0.0;0.0;"";3;8.2;24.6;"";4;3.2;12.8;"";0;0.0;0.0;"";0.0;0.0;0.0;"";0;0.0;0.0;"";9000060
12;АРБАТСК-ПОКРОВСК;140;Электрозав-я АПЛ;5;Центр;4;3.2;12.8;"";9;1.0;9.0;"";0.0;0.0;0.0;"";3;8.2;24.6;"";4;3.2;12.8;"";0;0.0;0.0;"";0.0;0.0;0.0;"";0;0.0;0.0;"";9000061
12;АРБАТСК-ПОКРОВСК;142;Семёновская;5;Центр;4;3.2;12.8;"";5;1.0;5.0;"";0.0;0.0;0.0;"";3;8.2;24.6;"";5;3.2;16.0;"";10;2.5;25.0;"6 реверс";3.0;3.0;9.0;"";0;0.0;0.0;"";9000062
12;АРБАТСК-ПОКРОВСК;144;Партизанская;5;Центр;3;3.2;9.6;"";7;1.0;7.0;"";3.0;3.5;10.5;"";0;0.0;0.0;"";3;3.2;9.6;"";5;2.5;12.5;"";0.0;0.0;0.0;"";0;0.0;0.0;"";9000063
12;АРБАТСК-ПОКРОВСК;146;Измайловская;3;Запад;3;3.2;9.6;"";5;1.0;5.0;"";7.0;3.2;22.4;"";0;0.0;0.0;"";3;3.2;9.6;"";5;2.5;12.5;"";0.0;0.0;0.0;"";0;0.0;0.0;"";9000064
12;АРБАТСК-ПОКРОВСК;146;Измайловская;4;Восток;3;3.2;9.6;"";5;1.0;5.0;"";7.0;3.2;22.4;"";0;0.0;0.0;"";3;3.2;9.6;"";5;2.5;12.5;"";0.0;0.0;0.0;"";0;0.0;0.0;"";9000064
12;АРБАТСК-ПОКРОВСК;149;Первомайская;1;Север;3;3.2;9.6;"";5;1.0;5.0;"";7.0;3.2;22.4;"";0;0.0;0.0;"";3;3.2;9.6;"";5;2.5;12.5;"";0.0;0.0;0.0;"";0;0.0;0.0;"";9000065
12;АРБАТСК-ПОКРОВСК;149;Первомайская;2;Юг;3;3.2;9.6;"";5;1.0;5.0;"";7.0;3.2;22.4;"";0;0.0;0.0;"";3;3.2;9.6;"";5;2.5;12.5;"";0.0;0.0;0.0;"";0;0.0;0.0;"";9000065
12;АРБАТСК-ПОКРОВСК;152;Щёлковская;2;Юг;4;3.2;12.8;"";7;1.0;7.0;"";7.0;3.2;22.4;"";0;0.0;0.0;"";4;3.2;12.8;"";5;2.5;12.5;"";0.0;0.0;0.0;"";0;0.0;0.0;"";9000066
12;АРБАТСК-ПОКРОВСК;152;Щёлковская;1;Север;12;3.2;38.4;"";14;1.0;14.0;"";7.0;3.2;22.4;"";0;0.0;0.0;"";12;3.2;38.4;"";5;2.5;12.5;"";0.0;0.0;0.0;"";0;0.0;0.0;"";9000066
12;АРБАТСК-ПОКРОВСК;183;Молодёжная;3;Запад;4;3.2;12.8;"";7;1.0;7.0;"";2.7;3.5;9.5;"";2;8.2;24.6;"";4;3.2;12.8;"";5;2.5;12.5;"";0.0;0.0;0.0;"";0;0.0;0.0;"";9000051
12;АРБАТСК-ПОКРОВСК;183;Молодёжная;4;Восток;4;3.2;12.8;"";7;1.0;7.0;"";2.7;3.0;8.1;"";2;8.2;24.6;"";4;3.2;12.8;"";5;2.5;12.5;"";0.0;0.0;0.0;"";0;0.0;0.0;"";9000051
12;АРБАТСК-ПОКРОВСК;186;Крылатское;3;Запад;4;3.2;12.8;"";8;1.0;8.0;"";2.7;3.2;8.6;"";2;8.2;24.6;"";4;3.2;12.8;"";5;2.5;12.5;"";0.0;0.0;0.0;"";0;0.0;0.0;"";9000050
12;АРБАТСК-ПОКРОВСК;186;Крылатское;4;Восток;4;3.2;12.8;"";8;1.0;8.0;"";2.7;3.2;8.6;"";2;8.2;24.6;"";4;3.2;12.8;"";5;2.5;12.5;"";0.0;0.0;0.0;"";0;0.0;0.0;"";9000050
12;АРБАТСК-ПОКРОВСК;1007;Парк Победы АПЛ;5;Центр;3;3.2;9.6;"";7;1.0;7.0;"";3.0;3.5;10.5;"";2;8.2;24.6;"";3;3.2;9.6;"";8;2.5;20.0;реверес;0.0;0.0;0.0;"";0;0.0;0.0;"2 эск.б.н. 3 эск.м.н. на выход";9000054
12;АРБАТСК-ПОКРОВСК;1520;Кунцевская АПЛ;3;Запад;3;3.2;9.6;"";5;1.0;5.0;"";3.5;3.2;11.2;"";0;0.0;0.0;"";2;3.2;6.4;"";3;2.5;7.5;"";0.0;0.0;0.0;"";0;0.0;0.0;"";9000052
12;АРБАТСК-ПОКРОВСК;1520;Кунцевская АПЛ;4;Восток;2;3.2;6.4;"";5;1.0;5.0;"";0.0;0.0;0.0;"";0;0.0;0.0;"";2;3.2;6.4;"";2;2.5;5.0;"";0.0;0.0;0.0;"";0;0.0;0.0;"";9000052
12;АРБАТСК-ПОКРОВСК;1521;Строгино;3;Запад;4;3.2;12.8;"";11;1.0;11.0;"";0.0;0.0;0.0;"";3;8.2;24.6;"";4;3.2;12.8;"";5;2.5;12.5;"";0.0;0.0;0.0;"";0;0.0;0.0;"3 эск. на выход";9000049
12;АРБАТСК-ПОКРОВСК;1521;Строгино;4;Восток;4;3.2;12.8;"";11;1.0;11.0;"";7.0;3.2;22.4;"";0;0.0;0.0;"";4;3.2;12.8;"";5;2.5;12.5;"";0.0;0.0;0.0;"";0;0.0;0.0;лестница на выход;9000049
12;АРБАТСК-ПОКРОВСК;1529;Славянский бульв;3;Запад;4;3.2;12.8;"";10;1.0;10.0;"";0.0;0.0;0.0;"";3;8.2;24.6;"";4;3.2;12.8;"";7;2.5;17.5;"";0.0;0.0;0.0;"";0;0.0;0.0;"";9000053
12;АРБАТСК-ПОКРОВСК;1529;Славянский бульв;4;Восток;4;3.2;12.8;"";11;1.0;11.0;"";7.0;3.2;22.4;"";0;0.0;0.0;"";4;3.2;12.8;"";7;2.5;17.5;"";0.0;0.0;0.0;"";0;0.0;0.0;"";9000053
12;АРБАТСК-ПОКРОВСК;1662;Мякинино;0;"1";3;3.2;9.6;"";12;1.0;12.0;"";0.0;0.0;0.0;"";0;0.0;0.0;"";0;0.0;0.0;"";10;2.5;25.0;"";0.0;0.0;0.0;"";0;0.0;0.0;"";9000048
12;АРБАТСК-ПОКРОВСК;1662;Мякинино;0;"3";3;3.2;9.6;"";0;0.0;0.0;"";0.0;0.0;0.0;"";0;0.0;0.0;"";0;0.0;0.0;"";0;0.0;0.0;"";0.0;0.0;0.0;"";0;0.0;0.0;"";9000048
12;АРБАТСК-ПОКРОВСК;1662;Мякинино;0;"2";3;3.2;9.6;"";0;0.0;0.0;"";0.0;0.0;0.0;"";0;0.0;0.0;"";0;0.0;0.0;"";0;0.0;0.0;"";0.0;0.0;0.0;"";0;0.0;0.0;"";9000048
12;АРБАТСК-ПОКРОВСК;1663;Волоколамская;0;"2";4;3.2;12.8;"";12;1.0;12.0;"";0.0;0.0;0.0;"";0;0.0;0.0;"";0;0.0;0.0;"";5;2.5;12.5;"";0.0;0.0;0.0;"";0;0.0;0.0;"3 эск. на выход";9000047
12;АРБАТСК-ПОКРОВСК;1663;Волоколамская;0;"1";4;3.2;12.8;"";9;1.0;9.0;"";0.0;0.0;0.0;"";0;0.0;0.0;"";0;0.0;0.0;"";6;2.5;15.0;"";0.0;0.0;0.0;"";0;0.0;0.0;"3 эск. на выход";9000047
12;АРБАТСК-ПОКРОВСК;1664;Митино;0;"2";4;3.2;12.8;"";9;1.0;9.0;"";5.3;3.2;17.0;"";0;0.0;0.0;"";4;3.2;12.8;"";6;2.5;15.0;"";0.0;0.0;0.0;"";0;0.0;0.0;"";9000046
12;АРБАТСК-ПОКРОВСК;1664;Митино;0;"1";4;3.2;12.8;"";9;1.0;9.0;"";6.9;3.2;22.8;"";0;0.0;0.0;"";4;3.2;12.8;"";6;2.5;15.0;"";0.0;0.0;0.0;"";0;0.0;0.0;"";9000046
1749;БКЛ;1923;Каховская;2;Юг;4;3.2;12.8;"";8;1.0;8.0;"";7.0;3.2;22.4;"";0;0.0;0.0;"";4;3.2;12.8;"";5;2.5;12.5;"";0.0;0.0;0.0;"";0;0.0;0.0;"";9000197
1749;БКЛ;1923;Каховская;2;Юг;4;3.2;12.8;"";8;1.0;8.0;"";7.0;3.2;22.4;"";0;0.0;0.0;"";4;3.2;12.8;"";6;2.5;15.0;"";0.0;0.0;0.0;"";0;0.0;0.0;"";9000197
1749;БКЛ;1923;Каховская;1;Север;4;3.2;12.8;"";8;1.0;8.0;"";7.0;3.2;22.4;"";0;0.0;0.0;"";4;3.2;12.8;"";0;0.0;0.0;"";0.0;0.0;0.0;"";0;0.0;0.0;"";9000197
1749;БКЛ;1923;Каховская;1;Север;4;3.2;12.8;"";8;1.0;8.0;"";7.0;3.2;22.4;"";0;0.0;0.0;"";4;3.2;12.8;"";6;2.5;15.0;"";0.0;0.0;0.0;"";0;0.0;0.0;"";9000197
1749;БКЛ;1933;Кунцевская БКЛ;4;Восток;2;3.2;9.6;"";3;1.0;3.0;"";3.0;3.2;9.6;"";0;0.0;0.0;"";2;3.2;6.4;"";3;2.5;7.5;"1 - реверс.";0.0;0.0;0.0;"";0;0.0;0.0;"";9000751
1749;БКЛ;1950;Варшавская;2;Юг;4;3.2;12.8;"";8;1.0;8.0;"";3.0;3.5;10.5;"";0;0.0;0.0;"";4;3.2;12.8;"";0;0.0;0.0;"";2.0;8.2;16.4;"";0;0.0;0.0;"";9000199
1749;БКЛ;1950;Варшавская;1;Север;4;3.2;12.8;"";8;1.0;8.0;"";7.0;3.2;22.4;"";0;0.0;0.0;"";4;3.2;12.8;"";0;0.0;0.0;"";2.0;8.2;16.4;в перех.;0;0.0;0.0;"";9000199
1749;БКЛ;1965;Каширская;2;Юг;6;3.2;19.2;"";10;1.0;10.0;"";4.5;3.5;15.8;"";0;0.0;0.0;"";4;3.2;12.8;"";6;2.5;15.0;"";0.0;0.0;0.0;"";1;8.2;8.2;"10 АКП + 2 РК = 12,6 к Речному вокзалу";9000198
1749;БКЛ;1965;Каширская;1;Север;6;3.2;19.2;"";5;1.0;5.0;"";4.5;3.5;15.8;"";0;0.0;0.0;"";4;3.2;12.8;"";6;2.5;15.0;"";0.0;0.0;0.0;"";1;8.2;8.2;"5 АКП = 4 к Варшавской";9000198
1749;БКЛ;1965;Каширская;1;Север;6;3.2;19.2;"";9;1.0;9.0;"";4.5;3.5;15.8;"";0;0.0;0.0;"";4;3.2;12.8;"";6;2.5;15.0;"";0.0;0.0;0.0;"";1;8.2;8.2;"9 АКП + 2 РК = 11,8 к Красногвардейской";9000198
1749;БКЛ;1965;Каширская;2;Юг;6;3.2;19.2;"";5;1.0;5.0;"";4.5;3.5;15.8;"";0;0.0;0.0;"";4;3.2;12.8;"";5;2.5;12.5;"";0.0;0.0;0.0;"";1;8.2;8.2;"5 АКП = 4 к Варшавской";9000198
1500;БУТОВСКАЯ ЛИНИЯ;1502;Ул. Скобелевская;13;"2 вест.";3;3.2;9.6;"";4;1.0;4.0;"";0.0;0.0;0.0;"";3;8.2;24.6;"";3;3.2;9.6;"";8;2.5;20.0;"";0.0;0.0;0.0;"";0;0.0;0.0;"";9000203
1500;БУТОВСКАЯ ЛИНИЯ;1502;Ул. Скобелевская;12;"1 вест.";3;3.2;9.6;"";4;1.0;4.0;"";0.0;0.0;0.0;"";3;8.2;24.6;"";3;3.2;9.6;"";8;2.5;20.0;"";0.0;0.0;0.0;"";0;0.0;0.0;Время хода 9 мин 30 сек.;9000203
1500;БУТОВСКАЯ ЛИНИЯ;1503;Б-р Адм. Ушакова;5;Центр;4;3.2;12.8;"";4;1.0;4.0;"";0.0;0.0;0.0;"";3;8.2;24.6;"";4;3.2;12.8;"";8;2.5;20.0;"";0.0;0.0;0.0;"";0;0.0;0.0;"1 вест. 3 ленты эск. Подъем и спуск";9000204
1500;БУТОВСКАЯ ЛИНИЯ;1504;Ул. Горчакова;5;Центр;4;3.2;12.8;"";4;1.0;4.0;"";0.0;0.0;0.0;"";3;8.2;24.6;"";4;3.2;12.8;"";6;2.5;15.0;"";0.0;0.0;0.0;"";0;0.0;0.0;"1 вест. 3 ленты эск. Подъем и спуск";9000205
1500;БУТОВСКАЯ ЛИНИЯ;1505;Бунинская аллея;5;Центр;4;3.2;12.8;"";4;1.0;4.0;"";0.0;0.0;0.0;"";3;8.2;24.6;"";4;3.2;12.8;"";6;2.5;15.0;"";0.0;0.0;0.0;"";0;0.0;0.0;"1 вест. 3 ленты эск. Подъем и спуск";9000206
9;ЗАМОСКВОРЕЦКАЯ;68;Красногвардейск.;1;Север;4;3.2;12.8;"";10;1.0;10.0;"";7.2;3.2;23.0;"";0;0.0;0.0;"";4;3.2;12.8;"";5;2.5;12.5;"";0.0;0.0;0.0;"";0;0.0;0.0;"";9000043
9;ЗАМОСКВОРЕЦКАЯ;68;Красногвардейск.;2;Юг;4;3.2;12.8;"";8;1.0;8.0;"";2.3;3.5;8.1;"";0;0.0;0.0;"";4;3.2;12.8;"";5;2.5;12.5;"";0.0;0.0;0.0;"";2;8.2;16.4;"";9000043
9;ЗАМОСКВОРЕЦКАЯ;71;Домодедовская;2;Юг;4;3.2;12.8;"";9;1.0;9.0;"";7.2;3.2;23.0;"";0;0.0;0.0;"";4;3.2;12.8;"";5;2.5;12.5;"";0.0;0.0;0.0;"";0;0.0;0.0;"";9000042
9;ЗАМОСКВОРЕЦКАЯ;71;Домодедовская;1;Север;4;3.2;12.8;"";8;1.0;8.0;"";2.3;3.5;8.1;"";0;0.0;0.0;"";4;3.2;12.8;"";5;2.5;12.5;"";0.0;0.0;0.0;"";2;8.2;16.4;"";9000042
9;ЗАМОСКВОРЕЦКАЯ;74;Орехово;1;Север;4;3.2;12.8;"";8;1.0;8.0;"";7.0;3.2;22.4;"";0;0.0;0.0;"";4;3.2;12.8;"";5;2.5;12.5;"";0.0;0.0;0.0;"";0;0.0;0.0;"";9000041
9;ЗАМОСКВОРЕЦКАЯ;74;Орехово;2;Юг;4;3.2;12.8;"";11;1.0;11.0;"";0.0;0.0;0.0;"";3;8.2;24.6;"";4;3.2;12.8;"";5;2.5;12.5;"";0.0;0.0;0.0;"";0;0.0;0.0;"";9000041
9;ЗАМОСКВОРЕЦКАЯ;77;Царицыно;2;Юг;4;3.2;12.8;"";8;1.0;8.0;"";2.3;3.5;8.1;"";0;0.0;0.0;"";4;3.2;12.8;"";5;2.5;12.5;реверс;0.0;0.0;0.0;"";2;8.2;16.4;"";9000040
9;ЗАМОСКВОРЕЦКАЯ;77;Царицыно;1;Север;4;3.2;12.8;"";8;1.0;8.0;"";2.3;3.5;8.1;"";0;0.0;0.0;"";4;3.2;12.8;"";5;2.5;12.5;"";0.0;0.0;0.0;"";2;8.2;16.4;"";9000040
9;ЗАМОСКВОРЕЦКАЯ;80;Кантемировская;1;Север;4;3.2;12.8;"";10;1.0;10.0;"";7.2;3.2;23.0;"";0;0.0;0.0;"";4;3.2;12.8;"";5;2.5;12.5;"";0.0;0.0;0.0;"";0;0.0;0.0;"";9000039
9;ЗАМОСКВОРЕЦКАЯ;80;Кантемировская;2;Юг;4;3.2;12.8;"";9;1.0;9.0;"";7.2;3.2;23.0;"";0;0.0;0.0;"";4;3.2;12.8;"";5;2.5;12.5;"";0.0;0.0;0.0;"";0;0.0;0.0;"";9000039
9;ЗАМОСКВОРЕЦКАЯ;83;Коломенская;2;Юг;4;3.2;12.8;"";8;1.0;8.0;"";7.0;3.2;22.4;"";0;0.0;0.0;"";4;3.2;12.8;"";0;0.0;0.0;"";0.0;0.0;0.0;"";0;0.0;0.0;"";9000037
9;ЗАМОСКВОРЕЦКАЯ;83;Коломенская;1;Север;4;3.2;12.8;"";8;1.0;8.0;"";7.0;3.2;22.4;"";0;0.0;0.0;"";4;3.2;12.8;"";0;0.0;0.0;"";0.0;0.0;0.0;"";0;0.0;0.0;"";9000037
9;ЗАМОСКВОРЕЦКАЯ;86;Автозаводская;1;Север;4;3.2;12.8;"";7;1.0;7.0;"";0.0;0.0;0.0;"";3;8.2;24.6;с вокзала.3х8,2=24,6 с объед.в.;4;3.2;12.8;"";5;2.5;12.5;"";0.0;0.0;0.0;"";0;0.0;0.0;"";9000035
9;ЗАМОСКВОРЕЦКАЯ;86;Автозаводская;2;Юг;4;3.2;12.8;"";8;1.0;8.0;"";0.0;0.0;0.0;"";3;8.2;24.6;"";4;3.2;12.8;"";5;2.5;12.5;"";0.0;0.0;0.0;"";0;0.0;0.0;"";9000035
9;ЗАМОСКВОРЕЦКАЯ;89;Павелецкая ЗЛ;5;Центр;4;3.2;12.8;"";7;1.0;7.0;"";0.0;0.0;0.0;"";3;8.2;24.6;"";4;3.2;12.8;"";3;2.5;7.5;На площадь. 4х2,5=10,0 в вокзал;0.0;0.0;0.0;"";0;0.0;0.0;"";9000034
9;ЗАМОСКВОРЕЦКАЯ;91;Новокузнецкая;5;Центр;8;3.2;25.6;"";8;1.0;8.0;"";0.0;0.0;0.0;"";3;8.2;24.6;"";4;3.2;12.8;"";0;0.0;0.0;"";0.0;0.0;0.0;"";0;0.0;0.0;"";9000033
9;ЗАМОСКВОРЕЦКАЯ;95;Маяковская;1;Север;3;3.2;9.6;"";11;1.0;11.0;"";5.6;3.2;17.9;на Тверскую;3;8.2;24.6;"";4;3.2;12.8;На Тверскую;0;0.0;0.0;"";0.0;0.0;0.0;"";0;0.0;0.0;"2 лест.  по  4м х 3,2 = 12,8 , далее 2 лест.  по  3,7м х 3,2 = 11,8  к т-ру ""Сатира"" 1 лест. 5,6 х 3,2 = 17,9  на Тверскую и Садов.к.";9000030
9;ЗАМОСКВОРЕЦКАЯ;95;Маяковская;2;Юг;0;0.0;0.0;"";9;1.0;9.0;"";3.7;3.2;11.8;к Сатире;3;8.2;24.6;"";4;3.2;12.8;"к ""Сатире""";0;0.0;0.0;"";0.0;0.0;0.0;"";0;0.0;0.0;"";9000030
9;ЗАМОСКВОРЕЦКАЯ;97;Белорусская ЗЛ;5;Центр;5;3.2;16.0;"";11;1.0;11.0;"";2.0;3.2;6.4;  2,7м х 3,5 = 9,5 (лестница);3;8.2;24.6;"";3;3.2;9.6;"";0;0.0;0.0;"";0.0;0.0;0.0;"";0;0.0;0.0;"";9000029
9;ЗАМОСКВОРЕЦКАЯ;99;Динамо;2;Юг;6;3.2;19.2;"";12;1.0;12.0;"";0.0;0.0;0.0;"";3;8.2;24.6;"";4;3.2;12.8;"";0;0.0;0.0;"";0.0;0.0;0.0;"";0;0.0;0.0;"";9000028
9;ЗАМОСКВОРЕЦКАЯ;99;Динамо;1;Север;6;3.2;19.2;"";12;1.0;12.0;"";0.0;0.0;0.0;"";3;8.2;24.6;"";4;3.2;12.8;"";0;0.0;0.0;"";0.0;0.0;0.0;"";0;0.0;0.0;"";9000028
9;ЗАМОСКВОРЕЦКАЯ;102;Аэропорт;1;Север;3;3.2;9.6;"";10;1.0;10.0;"";7.2;3.2;23.0;"";0;0.0;0.0;"";3;3.2;9.6;"";0;0.0;0.0;"";0.0;0.0;0.0;"";0;0.0;0.0;"";9000027
9;ЗАМОСКВОРЕЦКАЯ;102;Аэропорт;2;Юг;3;3.2;9.6;"";7;1.0;7.0;"";7.2;3.2;23.0;"";0;0.0;0.0;"";3;3.2;9.6;"";0;0.0;0.0;"";0.0;0.0;0.0;"";0;0.0;0.0;"";9000027
9;ЗАМОСКВОРЕЦКАЯ;105;Сокол;3;Запад;4;3.2;12.8;"";10;1.0;10.0;"";3.8;3.5;13.3;"";0;0.0;0.0;"";4;3.2;12.8;"";6;2.5;15.0;"";3.2;3.2;10.2;вверх;0;0.0;0.0;"3,8мх3,0=11,4 (ширина лестницы)";9000026
9;ЗАМОСКВОРЕЦКАЯ;105;Сокол;4;Восток;6;3.2;19.2;"";10;1.0;10.0;"";4.3;3.5;15.1;"6,3м х 3,2 = 20,2 (общая лестница)";0;0.0;0.0;"";6;3.2;19.2;"";4;2.5;10.0;(с платформы) 6 х 2,5 = 15,0;4.3;3.0;12.9;вверх;0;0.0;0.0;"";9000026
9;ЗАМОСКВОРЕЦКАЯ;108;Войковская;1;Север;3;3.2;9.6;"";7;1.0;7.0;"";7.2;3.2;23.0;"";0;0.0;0.0;"";3;3.2;9.6;"";0;0.0;0.0;"";0.0;0.0;0.0;"";0;0.0;0.0;"";9000025
9;ЗАМОСКВОРЕЦКАЯ;108;Войковская;2;Юг;3;3.2;9.6;"";9;1.0;9.0;"";7.2;3.2;23.0;"";0;0.0;0.0;"";3;3.2;9.6;"";0;0.0;0.0;"";0.0;0.0;0.0;"";0;0.0;0.0;"";9000025
9;ЗАМОСКВОРЕЦКАЯ;111;Водный Стадион;1;Север;4;3.2;12.8;"";7;1.0;7.0;"";4.0;3.5;14.0;"";0;0.0;0.0;"";4;3.2;12.8;"";5;2.5;12.5;"";0.0;0.0;0.0;"";2;8.2;16.4;"";9000024
9;ЗАМОСКВОРЕЦКАЯ;111;Водный Стадион;2;Юг;4;3.2;12.8;"";7;1.0;7.0;"";4.0;3.5;14.0;"";0;0.0;0.0;"";4;3.2;12.8;"";5;2.5;12.5;"";0.0;0.0;0.0;"";1;8.2;16.4;"";9000024
9;ЗАМОСКВОРЕЦКАЯ;114;Речной вокзал;2;Юг;4;3.2;12.8;"";7;1.0;7.0;"";2.0;3.5;7.0;"";0;0.0;0.0;"";4;3.2;12.8;"";5;2.5;12.5;"";0.0;0.0;0.0;"";2;8.2;16.4;"";9000023
9;ЗАМОСКВОРЕЦКАЯ;114;Речной вокзал;1;Север;4;3.2;12.8;"";9;1.0;9.0;"";2.0;3.5;7.0;"";0;0.0;0.0;"";4;3.2;12.8;"";4;2.5;10.0;реверс.;0.0;0.0;0.0;"";2;8.2;16.4;"";9000023
9;ЗАМОСКВОРЕЦКАЯ;9999;Тверская;5;Центр;4;3.2;12.8;"";8;1.0;8.0;"";7.0;3.2;22.4;в переход;3;8.2;24.6;"";4;3.2;12.8;"";0;0.0;0.0;"";0.0;0.0;0.0;"";0;0.0;0.0;"";9009999
14;КАЛИНИНСКАЯ;216;Новогиреево;4;Восток;4;3.2;12.8;"";11;1.0;11.0;"";7.2;3.2;23.0;"";0;0.0;0.0;"";4;3.2;12.8;"";5;2.5;12.5;"4 реверс";0.0;0.0;0.0;"";0;0.0;0.0;"";9000145
14;КАЛИНИНСКАЯ;216;Новогиреево;3;Запад;4;3.2;12.8;"";8;1.0;8.0;"";4.0;3.5;14.0;"";1;8.2;8.2;"";4;3.2;12.8;"";5;2.5;12.5;"4 реверс";0.0;0.0;0.0;"";1;8.2;8.2;"";9000145
14;КАЛИНИНСКАЯ;219;Перово;4;Восток;4;3.2;12.8;"";9;1.0;9.0;"";7.2;3.2;23.0;"";0;0.0;0.0;"";4;3.2;12.8;"";0;0.0;0.0;"";0.0;0.0;0.0;"";0;0.0;0.0;"";9000144
14;КАЛИНИНСКАЯ;219;Перово;3;Запад;4;3.2;12.8;"";9;1.0;9.0;"";7.2;3.2;23.0;"";0;0.0;0.0;"";4;3.2;12.8;"";0;0.0;0.0;"";0.0;0.0;0.0;"";0;0.0;0.0;"";9000144
14;КАЛИНИНСКАЯ;222;Ш. Энтузиастов;5;Центр;5;3.2;16.0;"";13;1.0;13.0;"";0.0;0.0;0.0;"";3;8.2;24.6;"";5;3.2;16.0;"";8;2.5;20.0;"";0.0;0.0;0.0;"";0;0.0;0.0;"";9000143
14;КАЛИНИНСКАЯ;224;Авиамотор-я КалЛ;5;Центр;5;3.2;16.0;"";13;1.0;13.0;"";0.0;0.0;0.0;"";4;8.2;32.8;"";5;3.2;16.0;"";8;2.5;20.0;"";0.0;0.0;0.0;"";0;0.0;0.0;"";9000142
14;КАЛИНИНСКАЯ;226;Площадь Ильича;5;Центр;3;3.2;9.6;"";13;1.0;13.0;"";0.0;0.0;0.0;"";3;8.2;24.6;"";3;3.2;9.6;"";7;2.5;17.5;"";0.0;0.0;0.0;"";0;0.0;0.0;"";9000141
14;КАЛИНИНСКАЯ;228;Марксистская;5;Центр;4;3.2;12.8;"";14;1.0;14.0;"";0.0;0.0;0.0;"";3;8.2;24.6;"";4;3.2;12.8;"";8;2.5;20.0;"";0.0;0.0;0.0;"";0;0.0;0.0;"";9000140
14;КАЛИНИНСКАЯ;230;Третьяковск.КалЛ;5;Центр;4;3.2;12.8;"";8;1.0;8.0;"";0.0;0.0;0.0;"";3;8.2;24.6;"";4;3.2;12.8;"";8;2.5;20.0;"";0.0;0.0;0.0;"";0;0.0;0.0;"";9000139
15;КАЛУЖСКО-РИЖСКАЯ;232;Медведково;2;Юг;4;3.2;12.8;"";10;1.0;10.0;"";7.0;3.2;22.4;"";0;0.0;0.0;"";4;3.2;12.8;"";9;2.5;22.5;"";0.0;0.0;0.0;"";0;0.0;0.0;"";9000092
15;КАЛУЖСКО-РИЖСКАЯ;232;Медведково;1;Север;4;3.2;12.8;"";9;1.0;9.0;"";0.0;0.0;0.0;"";3;8.2;24.6;"";4;3.2;12.8;"";0;0.0;0.0;"";0.0;0.0;0.0;"";0;0.0;0.0;"";9000092
15;КАЛУЖСКО-РИЖСКАЯ;235;Бабушкинская;2;Юг;4;3.2;12.8;"";8;1.0;8.0;"";0.0;0.0;0.0;"";3;8.2;24.6;"";4;3.2;12.8;"";0;0.0;0.0;"";0.0;0.0;0.0;"";0;0.0;0.0;"";9000093
15;КАЛУЖСКО-РИЖСКАЯ;235;Бабушкинская;1;Север;4;3.2;12.8;"";8;1.0;8.0;"";7.0;3.2;22.4;"";0;0.0;0.0;"";4;3.2;12.8;"";5;2.5;12.5;реверс;0.0;0.0;0.0;"";0;0.0;0.0;"";9000093
15;КАЛУЖСКО-РИЖСКАЯ;238;Свиблово;2;Юг;4;3.2;12.8;"";8;1.0;8.0;"";7.0;3.2;22.4;"";0;0.0;0.0;"";4;3.2;12.8;"";0;0.0;0.0;"";0.0;0.0;0.0;"";0;0.0;0.0;"";9000094
15;КАЛУЖСКО-РИЖСКАЯ;238;Свиблово;1;Север;4;3.2;12.8;"";8;1.0;8.0;"";7.0;3.2;22.4;"";0;0.0;0.0;"";4;3.2;12.8;"";0;0.0;0.0;"";0.0;0.0;0.0;"";0;0.0;0.0;"";9000094
15;КАЛУЖСКО-РИЖСКАЯ;241;Ботанический сад;2;Юг;4;3.2;12.8;"";8;1.0;8.0;"";0.0;0.0;0.0;"";3;8.2;24.6;"";4;3.2;12.8;"";0;0.0;0.0;"";0.0;0.0;0.0;"";0;0.0;0.0;"";9000095
15;КАЛУЖСКО-РИЖСКАЯ;241;Ботанический сад;1;Север;4;3.2;12.8;"";8;1.0;8.0;"";7.0;3.2;22.4;"";0;0.0;0.0;"";4;3.2;12.8;"";0;0.0;0.0;"";0.0;0.0;0.0;"";0;0.0;0.0;Лестн. 3 марша по 4 м. в переходе;9000095
15;КАЛУЖСКО-РИЖСКАЯ;244;ВДНХ;2;Юг;4;3.2;12.8;"";9;1.0;9.0;"";0.0;0.0;0.0;"";3;8.2;24.6;"";4;3.2;12.8;"";0;0.0;0.0;"";0.0;0.0;0.0;"";0;0.0;0.0;"";9000096
15;КАЛУЖСКО-РИЖСКАЯ;244;ВДНХ;1;Север;5;3.2;16.0;"";10;1.0;10.0;"";0.0;0.0;0.0;"";3;8.2;24.6;"";5;3.2;16.0;"";0;0.0;0.0;"";0.0;0.0;0.0;"";0;0.0;0.0;"";9000096
15;КАЛУЖСКО-РИЖСКАЯ;247;Алексеевская;5;Центр;4;3.2;12.8;"";7;1.0;7.0;"";0.0;0.0;0.0;"";3;8.2;24.6;"";4;3.2;12.8;"";0;0.0;0.0;"";0.0;0.0;0.0;"";0;0.0;0.0;"";9000097
15;КАЛУЖСКО-РИЖСКАЯ;249;Рижская;5;Центр;4;3.2;12.8;"";7;1.0;7.0;"";0.0;0.0;0.0;"";3;8.2;24.6;"";4;3.2;12.8;"";0;0.0;0.0;"";0.0;0.0;0.0;"";0;0.0;0.0;"";9000098
15;КАЛУЖСКО-РИЖСКАЯ;251;Пр-кт Мира КРЛ;5;Центр;8;3.2;25.6;"";10;1.0;10.0;"";0.0;0.0;0.0;"";3;8.2;24.6;"";8;3.2;25.6;"";6;2.5;15.0;"";0.0;0.0;0.0;"";0;0.0;0.0;"";9000099
15;КАЛУЖСКО-РИЖСКАЯ;253;Сухаревская;5;Центр;4;3.2;12.8;"";8;1.0;8.0;"";0.0;0.0;0.0;"";3;8.2;24.6;"";4;3.2;12.8;"";0;0.0;0.0;"";0.0;0.0;0.0;"";0;0.0;0.0;"";9000100
15;КАЛУЖСКО-РИЖСКАЯ;255;Тургеневская;5;Центр;6;3.2;19.2;"";12;1.0;12.0;"";0.0;0.0;0.0;"";3;8.2;24.6;"";6;3.2;19.2;"";0;0.0;0.0;"";0.0;0.0;0.0;"";3;8.2;24.6;"3 рукава перехода на ст. Чистые пруды по 27 метров";9000101
15;КАЛУЖСКО-РИЖСКАЯ;257;Китай-город КРЛ;1;Север;5;3.2;16.0;"";8;1.0;8.0;"";8.3;3.2;26.6;"";5;8.2;16.0;"";5;3.2;16.0;"";0;0.0;0.0;"";0.0;0.0;0.0;"";0;0.0;0.0;"";9000102
15;КАЛУЖСКО-РИЖСКАЯ;257;Китай-город КРЛ;2;Юг;9;3.2;28.8;"";16;1.0;16.0;"";0.0;0.0;0.0;"";6;8.2;49.2;"";10;3.2;32.0;"";0;0.0;0.0;"";0.0;0.0;0.0;"";0;0.0;0.0;"";9000102
15;КАЛУЖСКО-РИЖСКАЯ;261;Октябрьская КРЛ;5;Центр;3;3.2;9.6;"";5;1.0;5.0;"";0.0;0.0;0.0;"";3;8.2;24.6;"";3;3.2;9.6;"";0;0.0;0.0;"";0.0;0.0;0.0;"";0;0.0;0.0;"";9000104
15;КАЛУЖСКО-РИЖСКАЯ;263;Шаболовская;5;Центр;4;3.2;12.8;"";7;1.0;7.0;"";0.0;0.0;0.0;"";3;8.2;24.6;"";4;3.2;12.8;"";10;2.5;25.0;"";0.0;0.0;0.0;"";0;0.0;0.0;"";9000105
15;КАЛУЖСКО-РИЖСКАЯ;265;Ленинский пр-т;2;Юг;3;3.2;9.6;"";8;1.0;8.0;"";0.0;0.0;0.0;"";3;8.2;24.6;"";3;3.2;9.6;"";0;0.0;0.0;"";0.0;0.0;0.0;"";0;0.0;0.0;"";9000106
15;КАЛУЖСКО-РИЖСКАЯ;265;Ленинский пр-т;1;Север;3;3.2;9.6;"";5;1.0;5.0;"";0.0;0.0;0.0;"";3;8.2;24.6;"";3;3.2;9.6;"";0;0.0;0.0;"";0.0;0.0;0.0;"";0;0.0;0.0;"";9000106
15;КАЛУЖСКО-РИЖСКАЯ;268;Академическая;1;Север;3;3.2;9.6;"";5;1.0;5.0;"";7.0;3.2;22.4;"";0;0.0;0.0;"";3;3.2;9.6;"";4;2.5;10.0;реверс;0.0;0.0;0.0;"";0;0.0;0.0;"";9000107
15;КАЛУЖСКО-РИЖСКАЯ;268;Академическая;2;Юг;3;3.2;9.6;"";5;1.0;5.0;"";3.6;3.5;12.6;"";1;8.2;8.2;"";3;3.2;9.6;"";4;2.5;10.0;реверс;0.0;0.0;0.0;"";0;0.0;0.0;"";9000107
15;КАЛУЖСКО-РИЖСКАЯ;271;Профсоюзная;1;Север;3;3.2;9.6;"";5;1.0;5.0;"";7.0;3.2;22.4;"";0;0.0;0.0;"";3;3.2;9.6;"";4;2.5;10.0;"";0.0;0.0;0.0;"";0;0.0;0.0;"";9000108
15;КАЛУЖСКО-РИЖСКАЯ;271;Профсоюзная;2;Юг;3;3.2;9.6;"";5;1.0;5.0;"";7.0;3.2;22.4;"";0;0.0;0.0;"";3;3.2;9.6;"";0;0.0;0.0;"";0.0;0.0;0.0;"";0;0.0;0.0;"";9000108
15;КАЛУЖСКО-РИЖСКАЯ;274;Новые Черёмушки;1;Север;3;3.2;9.6;"";5;1.0;5.0;"";7.0;3.2;22.4;"";0;0.0;0.0;"";3;3.2;9.6;"";4;2.5;10.0;"";0.0;0.0;0.0;"";0;0.0;0.0;"";9000109
15;КАЛУЖСКО-РИЖСКАЯ;274;Новые Черёмушки;2;Юг;3;3.2;9.6;"";5;1.0;5.0;"";7.0;3.2;22.4;"";0;0.0;0.0;"";3;3.2;9.6;"";0;0.0;0.0;"";0.0;0.0;0.0;"";0;0.0;0.0;"";9000109
15;КАЛУЖСКО-РИЖСКАЯ;277;Калужская;1;Север;4;3.2;12.8;"";6;1.0;6.0;"";2.4;3.5;8.4;"";2;8.2;16.4;"";4;3.2;12.8;"";0;0.0;0.0;"";0.0;0.0;0.0;"";0;0.0;0.0;"";9000110
15;КАЛУЖСКО-РИЖСКАЯ;277;Калужская;2;Юг;4;3.2;12.8;"";6;1.0;6.0;"";2.4;3.5;8.4;"";2;8.2;16.4;"";4;3.2;12.8;"";0;0.0;0.0;"";0.0;0.0;0.0;"";0;0.0;0.0;"";9000110
15;КАЛУЖСКО-РИЖСКАЯ;280;Беляево;1;Север;4;3.2;12.8;"";8;1.0;8.0;"";0.0;0.0;0.0;"";3;8.2;24.6;"";4;3.2;12.8;"";5;2.5;12.5;"";0.0;0.0;0.0;"";0;0.0;0.0;"";9000111
15;КАЛУЖСКО-РИЖСКАЯ;280;Беляево;2;Юг;4;3.2;12.8;"";8;1.0;8.0;"";7.0;3.2;22.4;"";0;0.0;0.0;"";4;3.2;12.8;"";0;0.0;0.0;"";0.0;0.0;0.0;"";0;0.0;0.0;"";9000111
15;КАЛУЖСКО-РИЖСКАЯ;283;Коньково;1;Север;4;3.2;12.8;"";8;1.0;8.0;"";7.0;3.2;22.4;"";0;0.0;0.0;"";4;3.2;12.8;"";5;2.5;12.5;"";0.0;0.0;0.0;"";0;0.0;0.0;"";9000112
15;КАЛУЖСКО-РИЖСКАЯ;283;Коньково;2;Юг;4;3.2;12.8;"";8;1.0;8.0;"";7.0;3.2;22.4;"";0;0.0;0.0;"";4;3.2;12.8;"";5;2.5;12.5;"";0.0;0.0;0.0;"";0;0.0;0.0;"";9000112
15;КАЛУЖСКО-РИЖСКАЯ;286;Тёплый стан;1;Север;4;3.2;12.8;"";8;1.0;8.0;"";7.0;3.2;22.4;"";0;0.0;0.0;"";4;3.2;12.8;"";5;2.5;12.5;"";0.0;0.0;0.0;"";0;0.0;0.0;"";9000113
15;КАЛУЖСКО-РИЖСКАЯ;286;Тёплый стан;2;Юг;4;3.2;12.8;"";8;1.0;8.0;"";7.0;3.2;22.4;"";0;0.0;0.0;"";4;3.2;12.8;"";5;2.5;12.5;"";0.0;0.0;0.0;"";0;0.0;0.0;"";9000113
15;КАЛУЖСКО-РИЖСКАЯ;289;Ясенево;1;Север;4;3.2;12.8;"";8;1.0;8.0;"";7.0;3.2;22.4;"";0;0.0;0.0;"";4;3.2;12.8;"";5;2.5;12.5;"";0.0;0.0;0.0;"";0;0.0;0.0;"";9000114
15;КАЛУЖСКО-РИЖСКАЯ;289;Ясенево;2;Юг;4;3.2;12.8;"";8;1.0;8.0;"";7.0;3.2;22.4;"";0;0.0;0.0;"";4;3.2;12.8;"";5;2.5;12.5;"";0.0;0.0;0.0;"";0;0.0;0.0;"";9000114
15;КАЛУЖСКО-РИЖСКАЯ;292;Новоясеневская;1;Север;4;3.2;12.8;"";8;1.0;8.0;"";7.0;3.2;22.4;"";0;0.0;0.0;"";4;3.2;12.8;"";6;2.5;15.0;"";0.0;0.0;0.0;"";0;0.0;0.0;"";9000115
15;КАЛУЖСКО-РИЖСКАЯ;9998;Третьяковская;5;Центр;4;3.2;12.8;"";8;1.0;8.0;"";0.0;0.0;0.0;"";3;8.2;24.6;"";4;3.2;12.8;"";8;2.5;20.0;"";0.0;0.0;0.0;"";0;0.0;0.0;"";9009998
609;КОЛЬЦЕВАЯ;189;Белорусская КЛ;3;Запад;4;3.2;12.8;"";8;1.0;8.0;"";7.0;3.2;22.4;"";3;8.2;24.6;"";4;3.2;12.8;"";0;0.0;0.0;"";0.0;0.0;0.0;"";0;0.0;0.0;"";9000081
609;КОЛЬЦЕВАЯ;189;Белорусская КЛ;4;Восток;5;3.2;16.0;"";10;1.0;10.0;"";7.0;3.2;22.4;"";4;8.2;32.8;"";5;3.2;16.0;"";8;2.5;20.0;"";0.0;0.0;0.0;"";0;0.0;0.0;"";9000081
609;КОЛЬЦЕВАЯ;192;Новослободская;5;Центр;4;3.2;12.8;"";10;1.0;10.0;"";0.0;0.0;0.0;"";3;8.2;24.6;"";4;3.2;12.8;"";0;0.0;0.0;"";0.0;0.0;0.0;"";0;0.0;0.0;"";9000080
609;КОЛЬЦЕВАЯ;194;Проспект Мира КЛ;5;Центр;4;3.2;12.8;"";8;1.0;8.0;"";0.0;0.0;0.0;"";3;8.2;24.6;"";4;3.2;12.8;"";0;0.0;0.0;"";0.0;0.0;0.0;"";0;0.0;0.0;"";9000091
609;КОЛЬЦЕВАЯ;196;Комсомольская КЛ;8;Верх;4;3.2;12.8;"";0;0.0;0.0;"";9.8;3.2;31.4;"";3;8.2;24.6;На Кольцевую;4;3.2;12.8;"";20;2.5;52.2;"";0.0;0.0;0.0;"";0;0.0;0.0;traffic_example - общий;9000090
609;КОЛЬЦЕВАЯ;196;Комсомольская КЛ;9;Низ;19;3.2;60.8;"";41;1.0;41.0;"";6.5;3.0;39.0;"2л";4;8.2;32.8;на Сокольническую;4;3.2;12.8;"";0;0.0;0.0;"";0.0;0.0;0.0;"";0;0.0;0.0;"";9000090
609;КОЛЬЦЕВАЯ;199;Курская КЛ;11;С площади;3;3.2;9.6;"";13;1.0;13.0;"";3.5;3.2;11.2;"";0;0.0;0.0;"";3;3.2;9.6;"";7;2.5;17.5;реверс;0.0;0.0;0.0;"";0;0.0;0.0;"";9000089
609;КОЛЬЦЕВАЯ;199;Курская КЛ;10;С вокзала;2;3.2;12.8;"";9;1.0;9.0;"";0.0;0.0;0.0;"";3;8.2;24.6;"";2;3.2;6.4;"";2;2.5;5.0;"";0.0;0.0;0.0;"";0;0.0;0.0;"";9000089
609;КОЛЬЦЕВАЯ;202;Таганская КЛ;5;Центр;7;3.2;22.4;"";10;1.0;10.0;"";0.0;0.0;0.0;"";3;8.2;24.6;"";3;3.2;9.6;"";2;2.5;5.0;"";0.0;0.0;0.0;"";0;0.0;0.0;"";9000088
609;КОЛЬЦЕВАЯ;204;Павелецкая КЛ;5;Центр;6;3.2;19.2;"";11;1.0;11.0;"";0.0;0.0;0.0;"";3;8.2;24.6;"";3;3.2;9.6;"";10;2.5;25.0;"";0.0;0.0;0.0;"";0;0.0;0.0;"";9000087
609;КОЛЬЦЕВАЯ;206;Добрынинская;5;Центр;6;3.2;19.2;"";10;1.0;10.0;"";0.0;0.0;0.0;"";3;8.2;24.6;"";3;3.2;9.6;"";6;2.5;15.5;"";0.0;0.0;0.0;"";0;0.0;0.0;"";9000086
609;КОЛЬЦЕВАЯ;208;Октябрьская КЛ;5;Центр;4;3.2;12.8;"";7;1.0;7.0;"";0.0;0.0;0.0;"";3;8.2;24.6;"";8;3.2;25.6;"";5;2.5;12.5;"";0.0;0.0;0.0;"";0;0.0;0.0;"";9000085
609;КОЛЬЦЕВАЯ;210;Парк культуры КЛ;5;Центр;5;3.2;16.0;"";10;1.0;10.0;"";7.0;3.2;22.4;"";3;8.2;24.6;"";4;3.2;12.8;"";8;2.5;20.0;"";0.0;0.0;0.0;"";0;0.0;0.0;"";9000084
609;КОЛЬЦЕВАЯ;212;Киевская КЛ;5;Центр;4;3.2;12.8;"";9;1.0;9.0;"";7.0;3.2;22.4;"";3;8.2;24.6;"";4;3.2;12.8;"";9;2.5;22.5;"";0.0;0.0;0.0;"";0;0.0;0.0;"";9000083
609;КОЛЬЦЕВАЯ;214;Краснопресненск.;5;Центр;3;3.2;9.6;"";8;1.0;8.0;"";7.0;3.2;22.4;"";3;8.2;24.6;"";4;3.2;12.8;"";0;0.0;0.0;"";0.0;0.0;0.0;"";0;0.0;0.0;"";9000082
18;ЛЮБЛИНСКАЯ;401;Чкаловская;5;Центр;2;3.2;6.4;"";9;1.0;9.0;"";0.0;0.0;0.0;"";0;0.0;0.0;"";4;3.2;12.8;"";13;2.5;32.5;"";0.0;0.0;0.0;"";0;0.0;0.0;"";9000184
18;ЛЮБЛИНСКАЯ;401;Чкаловская;5;Центр;4;3.2;12.8;"";9;1.0;9.0;"";0.0;0.0;0.0;"";4;8.2;32.8;"";4;3.2;12.8;"";0;0.0;0.0;"";0.0;0.0;0.0;"";0;0.0;0.0;"";9000184
18;ЛЮБЛИНСКАЯ;403;Римская;5;Центр;4;3.2;12.8;"";6;1.0;6.0;"";7.0;3.2;22.4;"";0;0.0;0.0;"";2;3.2;6.4;"";8;2.5;20.0;"";0.0;0.0;0.0;"";0;0.0;0.0;"";9000185
18;ЛЮБЛИНСКАЯ;405;Крест. застава;5;Центр;5;3.2;16.0;"";6;1.0;6.0;"";0.0;0.0;0.0;"";0;0.0;0.0;"";5;3.2;16.0;"";8;2.5;20.0;"";0.0;0.0;0.0;"";0;0.0;0.0;"";9000186
18;ЛЮБЛИНСКАЯ;407;Кожуховская;5;Центр;2;3.2;6.4;"";7;1.0;7.0;"";7.0;3.2;22.4;"";0;0.0;0.0;"";2;3.2;6.4;Из м. 2х3,2=6,4 3, осн. 3х3,2=9,6 эскл. 2х3,2=6,4 на ул.;7;2.5;17.5;"";0.0;0.0;0.0;"";0;0.0;0.0;"";9000188
18;ЛЮБЛИНСКАЯ;409;Печатники ЛДЛ;13;"2 вест.";6;3.2;19.2;"";12;1.0;12.0;"";7.0;3.2;22.4;"";0;0.0;0.0;"";6;3.2;19.2;"";8;2.5;20.0;"";0.0;0.0;0.0;"";0;0.0;0.0;"";9000189
18;ЛЮБЛИНСКАЯ;411;Волжская;12;"1 вест.";3;3.2;9.6;"";10;1.0;10.0;"";7.0;3.2;22.4;"";0;0.0;0.0;"";3;3.2;9.6;"";5;2.5;12.5;"";0.0;0.0;0.0;"";0;0.0;0.0;"";9000190
18;ЛЮБЛИНСКАЯ;411;Волжская;13;"2 вест.";4;3.2;12.8;"";8;1.0;8.0;"";7.0;3.2;22.4;"";0;0.0;0.0;"";4;3.2;12.8;"";5;2.5;12.5;"";0.0;0.0;0.0;"";0;0.0;0.0;"";9000190
18;ЛЮБЛИНСКАЯ;414;Люблино;12;"1 вест.";4;3.2;12.8;"";8;1.0;8.0;"";7.0;3.2;22.4;"";0;0.0;0.0;"";4;3.2;12.8;"";5;2.5;12.5;"";0.0;0.0;0.0;"";0;0.0;0.0;"";9000191
18;ЛЮБЛИНСКАЯ;414;Люблино;13;"2 вест.";4;3.2;12.8;"";8;1.0;8.0;"";7.0;3.2;22.4;"";0;0.0;0.0;"";4;3.2;12.8;"";5;2.5;12.5;"";0.0;0.0;0.0;"";0;0.0;0.0;"";9000191
18;ЛЮБЛИНСКАЯ;417;Братиславская;12;"1 вест.";4;3.2;12.8;"";8;1.0;8.0;"";7.0;3.2;22.4;"";0;0.0;0.0;"";4;3.2;12.8;"";6;2.5;15.0;"";0.0;0.0;0.0;"";0;0.0;0.0;"";9000192
18;ЛЮБЛИНСКАЯ;417;Братиславская;13;"2 вест.";4;3.2;12.8;"";8;1.0;8.0;"";7.0;3.2;22.4;"";0;0.0;0.0;"";4;3.2;12.8;"";4;2.5;10.0;"";0.0;0.0;0.0;"";0;0.0;0.0;"";9000192
18;ЛЮБЛИНСКАЯ;420;Марьино;13;"2 вест.";4;3.2;12.8;"";7;1.0;7.0;"";7.0;3.2;22.4;"";0;0.0;0.0;"";4;3.2;12.8;"";5;2.5;12.5;реверс;0.0;0.0;0.0;"";0;0.0;0.0;"";9000193
18;ЛЮБЛИНСКАЯ;420;Марьино;12;"1 вест.";4;3.2;12.8;"";7;1.0;7.0;"";7.0;3.2;22.4;"";0;0.0;0.0;"";4;3.2;12.8;"";5;2.5;12.5;"";0.0;0.0;0.0;"";0;0.0;0.0;"";9000193
18;ЛЮБЛИНСКАЯ;729;Дубровка;5;Центр;5;3.2;16.0;"";10;1.0;10.0;"";0.0;0.0;0.0;"";4;8.2;32.8;"";5;3.2;16.0;"";8;2.5;20.0;"";0.0;0.0;0.0;"";0;0.0;0.0;"";9000187
18;ЛЮБЛИНСКАЯ;1516;Трубная;5;Центр;5;3.2;16.0;"";11;1.0;11.0;"";0.0;0.0;0.0;"";4;8.2;32.8;"";5;3.2;16.0;"";7;2.5;17.5;"";0.0;0.0;0.0;"";0;0.0;0.0;"по выходу и по входу лестницы по 5м. Касса - 4 окна; 2 автомата по продаже билетов";9000182
18;ЛЮБЛИНСКАЯ;1526;Сретенский б-р;5;Центр;4;3.2;12.8;"";7;1.0;7.0;"";0.0;0.0;0.0;"";4;8.2;32.8;"";4;3.2;12.8;"";6;2.5;15.0;"";0.0;0.0;0.0;"";0;0.0;0.0;"";9000183
18;ЛЮБЛИНСКАЯ;1666;Достоевская;5;Центр;4;3.2;12.8;"";12;1.0;12.0;"";0.0;0.0;0.0;"";4;8.2;32.8;"";4;3.2;12.8;"";7;2.5;17.5;"";0.0;0.0;0.0;"";0;0.0;0.0;два рукава по широкая лестница;9000181
18;ЛЮБЛИНСКАЯ;1667;Марьина Роща ЛДЛ;5;Центр;4;3.2;12.8;"";15;1.0;15.0;"";0.0;0.0;0.0;"";4;8.2;32.8;"";4;3.2;12.8;"";4;2.5;10.0;"";0.0;0.0;0.0;"";0;0.0;0.0;"";9000180
18;ЛЮБЛИНСКАЯ;1672;Борисово;12;"1 вест.";4;3.2;12.8;"";9;1.0;9.0;"";0.0;0.0;0.0;"";3;7.0;21.0;"";4;3.2;12.8;"";6;2.5;15.0;"";0.0;0.0;0.0;"";0;0.0;0.0;кассы 3 окна, 2 авт. по продаже бил.;9000194
18;ЛЮБЛИНСКАЯ;1672;Борисово;13;"2 вест.";4;3.2;12.8;"";7;1.0;7.0;"";0.0;0.0;0.0;"";0;0.0;0.0;"";4;3.2;12.8;"";6;2.5;15.0;"";0.0;0.0;0.0;"";0;0.0;0.0;кассы 2 окна, 2 авт. по продаже бил.;9000194
18;ЛЮБЛИНСКАЯ;1673;Шипиловская;12;"1 вест.";4;3.2;12.8;"";7;1.0;7.0;"";7.0;3.2;22.4;"";0;0.0;0.0;"";4;3.2;12.8;"";5;2.5;12.5;"";0.0;0.0;0.0;"";0;0.0;0.0;кассы 3 окна, 2 авт. по продаже бил.;9000195
18;ЛЮБЛИНСКАЯ;1673;Шипиловская;13;"2 вест.";4;3.2;12.8;"";9;1.0;9.0;"";0.0;0.0;0.0;"";3;7.0;21.0;"";6;3.2;19.2;"";5;2.5;12.5;"";0.0;0.0;0.0;"";0;0.0;0.0;кассы 3 окна, 2 авт. по продаже бил. Лифт;9000195
18;ЛЮБЛИНСКАЯ;1674;Зябликово;12;"1 вест.";4;3.2;12.8;"";8;1.0;8.0;"";0.0;0.0;0.0;"";3;7.0;21.0;"";4;3.2;12.8;"";5;2.5;12.5;"";0.0;0.0;0.0;"";0;0.0;0.0;кассы 3 окна, 2 авт. по продаже бил. Лифт;9000196
18;ЛЮБЛИНСКАЯ;1674;Зябликово;13;"2 вест.";4;3.2;12.8;"";9;1.0;9.0;"";7.0;3.2;22.4;"";0;0.0;0.0;"";4;3.2;12.8;"";7;2.5;17.5;"2 рев.";0.0;0.0;0.0;"";0;0.0;0.0;кассы 3 окна, 2 авт. по продаже бил.;9000196
1509;МИНИМЕТРО;1511;Выставочная;5;Центр;6;3.2;19.2;"";7;1.0;7.0;"";0.0;0.0;0.0;"";0;0.0;0.0;"";0;0.0;0.0;"";0;0.0;0.0;"7 ПКА реверс.";0.0;0.0;0.0;"";0;0.0;0.0;"";9000078
1509;МИНИМЕТРО;1511;Выставочная;5;Центр;4;3.2;12.8;"";5;1.0;5.0;"";0.0;0.0;0.0;"";0;0.0;0.0;"";0;0.0;0.0;"";0;0.0;0.0;"9 ПКА реверс.";0.0;0.0;0.0;"";0;0.0;0.0;"";9000078
1509;МИНИМЕТРО;1512;Международная;5;Центр;4;3.2;12.8;"";5;1.0;5.0;"";0.0;0.0;0.0;"";0;0.0;0.0;"";4;3.2;12.8;"";4;2.5;10.0;"";0.0;0.0;0.0;"";0;0.0;0.0;"";9000079
17;СЕРПУХОВ-ТИМИРЯЗ;347;Алтуфьево;2;Юг;4;3.2;12.8;"";7;1.0;7.0;"";7.0;3.2;22.4;"";0;0.0;0.0;"";4;3.2;12.8;"";4;2.5;10.0;"1 багажное";0.0;0.0;0.0;"";0;0.0;0.0;"";9000152
17;СЕРПУХОВ-ТИМИРЯЗ;347;Алтуфьево;1;Север;4;3.2;12.8;"";7;1.0;7.0;"";7.0;3.2;22.4;"";0;0.0;0.0;"";4;3.2;12.8;"";4;2.5;10.0;"1 багажное";0.0;0.0;0.0;"";0;0.0;0.0;"";9000152
17;СЕРПУХОВ-ТИМИРЯЗ;350;Бибирево;2;Юг;4;3.2;12.8;"";7;1.0;7.0;"";2.7;3.5;9.5;"";0;0.0;0.0;"";4;3.2;12.8;"";5;2.5;12.5;"";0.0;0.0;0.0;"";0;0.0;0.0;"";9000153
17;СЕРПУХОВ-ТИМИРЯЗ;350;Бибирево;1;Север;4;3.2;12.8;"";7;1.0;7.0;"";7.0;3.2;22.4;"";0;0.0;0.0;"";4;3.2;12.8;"";5;2.5;12.5;"";0.0;0.0;0.0;"";0;0.0;0.0;"";9000153
17;СЕРПУХОВ-ТИМИРЯЗ;353;Отрадное;2;Юг;4;3.2;12.8;"";9;1.0;9.0;"";7.0;3.2;22.4;"";0;0.0;0.0;"";4;3.2;12.8;"";8;2.5;20.0;"";0.0;0.0;0.0;"";0;0.0;0.0;"";9000154
17;СЕРПУХОВ-ТИМИРЯЗ;353;Отрадное;1;Север;4;3.2;12.8;"";8;1.0;8.0;"";7.0;3.2;22.4;"";0;0.0;0.0;"";4;3.2;12.8;"";5;2.5;12.5;"";0.0;0.0;0.0;"";0;0.0;0.0;"";9000154
17;СЕРПУХОВ-ТИМИРЯЗ;356;Владыкино;2;Юг;4;3.2;12.8;"";11;1.0;11.0;"";0.0;0.0;0.0;"";3;8.2;24.6;"";4;3.2;12.8;"";8;2.5;20.0;"";0.0;0.0;0.0;"";0;0.0;0.0;"";9000155
17;СЕРПУХОВ-ТИМИРЯЗ;356;Владыкино;1;Север;4;3.2;12.8;"";11;1.0;11.0;"";7.0;3.2;22.4;"";0;0.0;0.0;"";4;3.2;12.8;"";8;2.5;20.0;"";0.0;0.0;0.0;"";0;0.0;0.0;"";9000155
17;СЕРПУХОВ-ТИМИРЯЗ;359;Петр.-Разумовск.;5;Центр;8;3.2;16.0;"";14;1.0;14.0;"";0.0;0.0;0.0;"";4;8.2;32.8;"";6;3.2;19.2;"";10;2.5;25.0;"";0.0;0.0;0.0;"";0;0.0;0.0;"";9000156
17;СЕРПУХОВ-ТИМИРЯЗ;361;Тимирязевская;5;Центр;5;3.2;16.0;"";13;1.0;13.0;"";0.0;0.0;0.0;"";3;8.2;24.6;"";5;3.2;16.0;"";8;2.5;20.0;"";0.0;0.0;0.0;"";0;0.0;0.0;"";9000157
17;СЕРПУХОВ-ТИМИРЯЗ;363;Дмитровская;5;Центр;5;3.2;16.0;"";10;1.0;10.0;"";0.0;0.0;0.0;"";4;8.2;32.8;"";5;3.2;16.0;"";8;2.5;20.0;"";2.0;8.2;16.4;"";0;0.0;0.0;"";9000158
17;СЕРПУХОВ-ТИМИРЯЗ;365;Савёловская СТЛ;5;Центр;5;3.2;16.0;"";14;1.0;14.0;"";0.0;0.0;0.0;"";4;8.2;32.8;"";5;3.2;16.0;"";8;2.5;20.0;"";0.0;0.0;0.0;"";0;0.0;0.0;"";9000159
17;СЕРПУХОВ-ТИМИРЯЗ;367;Менделеевская;5;Центр;5;3.2;16.0;"";10;1.0;10.0;"";0.0;0.0;0.0;"";4;8.2;32.8;"";5;3.2;16.0;"";8;2.5;20.0;"";0.0;0.0;0.0;"";0;0.0;0.0;"2 рукава подъем 2,65м х 3,0 = 15,9 2 рукава спуск 2,65м х 3,5 = 18,6";9000160
17;СЕРПУХОВ-ТИМИРЯЗ;369;Цветной Бульвар;5;Центр;5;3.2;16.0;"";10;1.0;10.0;"";0.0;0.0;0.0;"";4;8.2;32.8;"";5;3.2;16.0;"";9;2.5;22.5;"";0.0;0.0;0.0;"";0;0.0;0.0;"";9000161
17;СЕРПУХОВ-ТИМИРЯЗ;371;Чеховская;5;Центр;4;3.2;12.8;"";13;1.0;13.0;"";0.0;0.0;0.0;"";4;8.2;32.8;"";4;3.2;12.8;"";13;2.5;32.5;"";0.0;0.0;0.0;"";0;0.0;0.0;"";9000162
17;СЕРПУХОВ-ТИМИРЯЗ;373;Боровицкая;5;Центр;6;3.2;19.2;"";8;1.0;8.0;"";3.3;3.5;11.6;"";4;8.2;32.8;"";4;3.2;12.8;"";3;2.5;7.5;"";0.0;0.0;0.0;"";0;0.0;0.0;"";9000163
17;СЕРПУХОВ-ТИМИРЯЗ;375;Полянка;5;Центр;5;3.2;16.0;"";9;1.0;9.0;"";0.0;0.0;0.0;"";3;8.2;24.6;"";5;3.2;16.0;"";8;2.5;20.0;"";0.0;0.0;0.0;"";0;0.0;0.0;"";9000164
17;СЕРПУХОВ-ТИМИРЯЗ;377;Серпуховская;5;Центр;5;3.2;16.0;"";11;1.0;11.0;"";0.0;0.0;0.0;"";3;8.2;24.6;"";5;3.2;16.0;"";9;2.5;22.5;"";0.0;0.0;0.0;"";0;0.0;0.0;"";9000165
17;СЕРПУХОВ-ТИМИРЯЗ;379;Тульская;2;Юг;4;3.2;12.8;"";8;1.0;8.0;"";2.1;3.5;7.4;"";0;0.0;0.0;"";4;3.2;12.8;"";5;2.5;12.5;"";2.0;8.2;16.4;"";0;0.0;0.0;"";9000166
17;СЕРПУХОВ-ТИМИРЯЗ;379;Тульская;1;Север;4;3.2;12.8;"";8;1.0;8.0;"";2.1;3.5;7.4;"";0;0.0;0.0;"";4;3.2;12.8;"";5;2.5;12.5;"";2.0;8.2;16.4;"";0;0.0;0.0;"";9000166
17;СЕРПУХОВ-ТИМИРЯЗ;382;Нагатинская;1;Север;4;3.2;12.8;"";8;1.0;8.0;"";7.0;3.2;22.4;"";0;0.0;0.0;"";4;3.2;12.8;"";5;2.5;12.5;"";0.0;0.0;0.0;"";0;0.0;0.0;"";9000167
17;СЕРПУХОВ-ТИМИРЯЗ;382;Нагатинская;2;Юг;4;3.2;12.8;"";8;1.0;8.0;"";0.0;0.0;0.0;"";3;8.2;24.6;"";4;3.2;12.8;"";5;2.5;12.5;реверс;0.0;0.0;0.0;"";0;0.0;0.0;"";9000167
17;СЕРПУХОВ-ТИМИРЯЗ;385;Нагорная;5;Центр;4;3.2;12.8;"";8;1.0;8.0;"";7.0;3.2;22.4;"";0;0.0;0.0;"";4;3.2;12.8;"";5;2.5;12.5;"";0.0;0.0;0.0;"";0;0.0;0.0;"";9000168
17;СЕРПУХОВ-ТИМИРЯЗ;387;Нахимовский пр-т;1;Север;4;3.2;12.8;"";8;1.0;8.0;"";2.1;3.5;7.4;"";0;0.0;0.0;"";4;3.2;12.8;"";5;2.5;12.5;"";2.0;8.2;16.4;"";0;0.0;0.0;"";9000169
17;СЕРПУХОВ-ТИМИРЯЗ;387;Нахимовский пр-т;2;Юг;4;3.2;12.8;"";8;1.0;8.0;"";0.0;0.0;0.0;"";3;8.2;24.6;"";4;3.2;12.8;"";5;2.5;12.5;"";0.0;0.0;0.0;"";0;0.0;0.0;"";9000169
17;СЕРПУХОВ-ТИМИРЯЗ;390;Севастопольская;5;Центр;4;3.2;12.8;"";8;1.0;8.0;"";0.0;0.0;0.0;"";3;8.2;24.6;"";4;3.2;12.8;"";5;2.5;12.5;"";0.0;0.0;0.0;"";0;0.0;0.0;"";9000170
17;СЕРПУХОВ-ТИМИРЯЗ;392;Чертановская;1;Север;4;3.2;12.8;"";8;1.0;8.0;"";0.0;0.0;0.0;"";3;8.2;24.6;"";4;3.2;12.8;"";5;2.5;12.5;"";0.0;0.0;0.0;"";0;0.0;0.0;"";9000171
17;СЕРПУХОВ-ТИМИРЯЗ;392;Чертановская;2;Юг;4;3.2;12.8;"";7;1.0;7.0;"";0.0;0.0;0.0;"";0;0.0;0.0;"";4;3.2;12.8;"";5;2.5;12.5;"";0.0;0.0;0.0;"";0;0.0;0.0;"";9000171
17;СЕРПУХОВ-ТИМИРЯЗ;395;Южная;1;Север;4;3.2;12.8;"";8;1.0;8.0;"";0.0;0.0;0.0;"";3;8.2;24.6;"";4;3.2;12.8;"";5;2.5;12.5;"";0.0;0.0;0.0;"";0;0.0;0.0;"";9000172
17;СЕРПУХОВ-ТИМИРЯЗ;395;Южная;2;Юг;4;3.2;12.8;"";8;1.0;8.0;"";2.1;3.5;7.4;"";0;0.0;0.0;"";4;3.2;12.8;"";5;2.5;12.5;"";2.0;8.2;16.4;"";0;0.0;0.0;"";9000172
17;СЕРПУХОВ-ТИМИРЯЗ;398;Пражская;1;Север;4;3.2;12.8;"";8;1.0;8.0;"";2.1;3.5;7.4;"";0;0.0;0.0;"";4;3.2;12.8;"";5;2.5;12.5;"";2.0;8.2;16.4;"";0;0.0;0.0;"";9000173
17;СЕРПУХОВ-ТИМИРЯЗ;398;Пражская;2;Юг;4;3.2;12.8;"";8;1.0;8.0;"";2.1;3.5;7.4;"";0;0.0;0.0;"";4;3.2;12.8;"";4;2.5;10.0;"1 багажное";2.0;8.2;16.4;"";0;0.0;0.0;"";9000173
17;СЕРПУХОВ-ТИМИРЯЗ;749;Ул. Ак. Янгеля;1;Север;4;3.2;12.8;"";7;1.0;7.0;"";7.2;3.2;23.0;"";0;0.0;0.0;"";4;3.2;12.8;"";5;2.5;12.5;"";0.0;0.0;0.0;"";0;0.0;0.0;"";9000174
17;СЕРПУХОВ-ТИМИРЯЗ;749;Ул. Ак. Янгеля;2;Юг;4;3.2;12.8;"";8;1.0;8.0;"";0.0;0.0;0.0;"";3;8.2;24.6;"";4;3.2;12.8;"";6;2.5;15.0;"";0.0;0.0;0.0;"";0;0.0;0.0;"";9000174
17;СЕРПУХОВ-ТИМИРЯЗ;829;Аннино;5;Центр;4;3.2;12.8;"";7;1.0;7.0;"";0.0;0.0;0.0;"";3;8.2;24.6;"";4;3.2;12.8;"";6;2.5;15.0;"";0.0;0.0;0.0;"";0;0.0;0.0;"";9000175
17;СЕРПУХОВ-ТИМИРЯЗ;1004;Б-р Дм. Донского;1;Север;4;3.2;12.8;"";11;1.0;11.0;"";0.0;0.0;0.0;"";0;0.0;0.0;"";4;3.2;12.8;"";6;2.5;15.0;"";0.0;0.0;0.0;"";0;0.0;0.0;"";9000176
17;СЕРПУХОВ-ТИМИРЯЗ;1004;Б-р Дм. Донского;2;Юг;4;3.2;12.8;"";12;1.0;12.0;"";5.3;3.2;17.0;"";0;0.0;0.0;"";4;3.2;12.8;"";5;2.5;12.5;"";0.0;0.0;0.0;"";0;0.0;0.0;"";9000176
17;СЕРПУХОВ-ТИМИРЯЗ;1004;Б-р Дм. Донского;16;"1 платф.";0;0.0;0.0;"";4;1.0;4.0;"";0.0;0.0;0.0;"";0;0.0;0.0;"";0;0.0;0.0;"";4;2.5;10.0;"";0.0;0.0;0.0;"";0;0.0;0.0;в час пик 18 пар. В непик. Время 10 пар;9000176
17;СЕРПУХОВ-ТИМИРЯЗ;1004;Б-р Дм. Донского;17;"2 платф.";0;0.0;0.0;"";4;1.0;4.0;"";0.0;0.0;0.0;"";0;0.0;0.0;"";0;0.0;0.0;"";4;2.5;10.0;"";0.0;0.0;0.0;"";0;0.0;0.0;"";9000176
8;СОКОЛЬНИЧЕСКАЯ;19;Б.Рокоссовского;2;Юг;4;3.2;12.8;"";8;1.0;8.0;"";2.3;3.5;7.9;"";2;8.2;16.4;"";4;3.2;12.8;"";5;2.5;12.5;"";0.0;0.0;0.0;"";2;8.2;16.4;"";9000001
8;СОКОЛЬНИЧЕСКАЯ;19;Б.Рокоссовского;1;Север;4;3.2;12.8;"";8;1.0;8.0;"";7.0;3.2;22.4;"";0;0.0;0.0;"";4;3.2;12.8;"";5;2.5;12.5;"";0.0;0.0;0.0;"";0;0.0;0.0;"";9000001
8;СОКОЛЬНИЧЕСКАЯ;22;Черкизовская;1;Север;4;3.2;12.8;"";8;1.0;8.0;"";7.0;3.2;22.4;"";0;0.0;0.0;"";4;3.2;12.8;"";5;2.5;12.5;"";0.0;0.0;0.0;"";0;0.0;0.0;"";9000002
8;СОКОЛЬНИЧЕСКАЯ;22;Черкизовская;2;Юг;8;3.2;25.6;"";19;1.0;19.0;"";0.0;0.0;0.0;"";2;8.2;16.4;"";8;3.2;25.6;"";15;2.5;37.5;"";0.0;0.0;0.0;"";1;8.2;8.2;"";9000002
8;СОКОЛЬНИЧЕСКАЯ;25;Преображенск. пл;1;Север;4;3.2;12.8;"";8;1.0;8.0;"";7.0;3.2;22.4;"";0;0.0;0.0;"";4;3.2;12.8;"";0;0.0;0.0;"";0.0;0.0;0.0;"";0;0.0;0.0;"";9000003
8;СОКОЛЬНИЧЕСКАЯ;25;Преображенск. пл;2;Юг;4;3.2;12.8;"";8;1.0;8.0;"";7.0;3.2;22.4;"";0;0.0;0.0;"";4;3.2;12.8;"";0;0.0;0.0;"";0.0;0.0;0.0;"";0;0.0;0.0;"";9000003
8;СОКОЛЬНИЧЕСКАЯ;28;Сокольники СЛ;5;Центр;8;3.2;25.6;"";12;1.0;12.0;"";2.8;3.5;19.6;"2лест.";0;0.0;0.0;"";6;3.2;19.2;"";3;2.5;7.5;"";0.0;0.0;0.0;"";0;0.0;0.0;На платформе 2 лест. марша 3.35м х 3.2 = 10.7;9000004
8;СОКОЛЬНИЧЕСКАЯ;30;Красносельская;5;Центр;3;3.2;9.6;"";6;1.0;6.0;"";4.5;3.5;15.6;Далее рукав 2.1м х4.0 =8.4 . спуск на ст: 2л х 1.35м х3.5 = 9.4;0;0.0;0.0;"";3;3.2;9.6;"";0;0.0;0.0;"";2.5;3.0;7.5;далее рукав 2.1м х 4.0 = 8.4;0;0.0;0.0;"";9000005
8;СОКОЛЬНИЧЕСКАЯ;32;Комсомольск. СЛ;5;Центр;4;3.2;12.8;"";15;1.0;15.0;"";2.9;3.2;9.2;Вход и выход со станции. C улицы: 4.74 х 3.2 = 15.2;0;0.0;0.0;"";4;3.2;12.8;"";5;2.5;12.5;"";0.0;0.0;0.0;"";0;0.0;0.0;На вокзал  4 двери на вход х 3.2 = 12.8  4 двери на выход  х 3.2 = 12.8;9000006
8;СОКОЛЬНИЧЕСКАЯ;34;Красные ворота;1;Север;6;3.2;19.2;"";6;1.0;6.0;"";0.0;0.0;0.0;"";3;8.2;24.6;"3б и 3м";4;3.2;12.8;"";0;0.0;0.0;"";0.0;0.0;0.0;"";0;0.0;0.0;"";9000007
8;СОКОЛЬНИЧЕСКАЯ;34;Красные ворота;2;Юг;2;3.2;6.4;"";6;1.0;6.0;"";2.9;3.2;18.6;"2лест.";3;8.2;24.6;"";2;3.2;6.4;"";4;3.2;15.5;"Общая. Лестницы на выход : 2лест. х 2.7м х 3.2 = 17.3 тыс.;  2 лест. х 2.9м х 3.2 = 18.6 тыс.";0.0;0.0;0.0;"";0;0.0;0.0;"";9000007
8;СОКОЛЬНИЧЕСКАЯ;37;Чистые пруды;5;Центр;4;3.2;12.8;"";8;1.0;8.0;"";0.0;0.0;0.0;"";3;8.2;24.6;"";4;3.2;12.8;"";4;2.5;10.0;"";3.0;3.2;19.2;"2 Лест.марши на вх.и вых. С эскалаторов рукав 3.5м х 4.0 = 14.0. Коридоры  по вх.и вых. 1х 4.0м х 3.5 = 14.0";0;0.0;0.0;"";9000008
8;СОКОЛЬНИЧЕСКАЯ;39;Лубянка;1;Север;4;3.2;12.8;"";7;1.0;7.0;"";0.0;0.0;0.0;"";3;8.2;24.6;"3б и 3м";4;3.2;12.8;"";0;0.0;0.0;"";0.0;0.0;0.0;"";0;0.0;0.0;"";9000009
8;СОКОЛЬНИЧЕСКАЯ;39;Лубянка;2;Юг;3;3.2;9.6;"";13;1.0;13.0;"";2.8;3.2;9.0;Арка с эскалат.;3;8.2;24.6;"";3;3.2;9.6;"";10;2.5;25.0;"";0.0;0.0;0.0;"";0;0.0;0.0;"";9000009
8;СОКОЛЬНИЧЕСКАЯ;42;Охотный ряд;1;Север;4;3.2;12.8;"";11;1.0;11.0;"";0.0;0.0;0.0;"";3;8.2;24.6;"";4;3.2;12.8;"";0;0.0;0.0;"";0.0;0.0;0.0;"";0;0.0;0.0;"";9000010
8;СОКОЛЬНИЧЕСКАЯ;42;Охотный ряд;2;Юг;6;3.2;19.2;"";11;1.0;11.0;"";0.0;0.0;0.0;"";3;8.2;24.6;"";6;3.2;19.2;"";0;0.0;0.0;"";0.0;0.0;0.0;"";0;0.0;0.0;"";9000010
8;СОКОЛЬНИЧЕСКАЯ;46;Кропоткинская;1;Север;2;3.2;6.4;"";6;1.0;6.0;"";6.0;3.2;19.2;"";0;0.0;0.0;"";2;3.2;6.4;"";3;2.5;7.5;"";0.0;0.0;0.0;"";0;0.0;0.0;"";9000012
8;СОКОЛЬНИЧЕСКАЯ;46;Кропоткинская;2;Юг;3;3.2;9.6;"";4;1.0;4.0;"";3.6;3.2;22.7;"2лест.";0;0.0;0.0;"";3;3.2;9.6;"";4;2.2;10.0;"1 реверс.";0.0;0.0;0.0;Арка перед выходом;0;0.0;0.0;"";9000012
8;СОКОЛЬНИЧЕСКАЯ;49;Парк культуры СЛ;5;Центр;2;3.2;6.4;"";4;1.0;4.0;"";2.6;3.2;11.2;"";0;0.0;0.0;"";2;3.2;6.4;"";4;2.5;10.0;"";0.0;0.0;0.0;"";0;0.0;0.0;"";9000013
8;СОКОЛЬНИЧЕСКАЯ;51;Фрунзенская;5;Центр;3;3.2;9.6;"";8;1.0;8.0;"";0.0;0.0;0.0;"";3;8.2;24.6;"";3;3.2;9.6;"";4;2.5;12.5;реверс.;3.4;4.0;13.6;Арка на выход;0;0.0;0.0;"";9000014
8;СОКОЛЬНИЧЕСКАЯ;53;Спортивная;1;Север;4;3.2;12.8;"";12;1.0;12.0;"";0.0;0.0;0.0;"";3;8.2;24.6;"";4;3.2;12.8;"";0;0.0;0.0;"";3.5;4.0;14.0;Арки на вестибюлях;0;0.0;0.0;"";9000015
8;СОКОЛЬНИЧЕСКАЯ;53;Спортивная;2;Юг;3;3.2;9.6;"";7;1.0;7.0;"";0.0;0.0;0.0;"";3;8.2;24.6;"";3;3.2;9.6;"";6;2.5;15.0;реверс.;0.0;0.0;0.0;"";0;0.0;0.0;"";9000015
8;СОКОЛЬНИЧЕСКАЯ;56;Воробьёвы горы;2;Юг;4;3.2;12.8;"";4;1.0;4.0;"";2.5;3.5;8.8;"";0;0.0;0.0;"";3;3.2;9.6;"";4;2.5;10.0;"2 реверс.";0.0;0.0;0.0;"";2;8.2;16.4;"";9000016
8;СОКОЛЬНИЧЕСКАЯ;56;Воробьёвы горы;1;Север;5;3.2;16.0;"";4;1.0;10.0;"";0.0;0.0;0.0;"";2;8.2;16.4;"";5;3.2;16.0;"";5;2.5;12.5;"2 реверс.";0.0;0.0;0.0;"";2;8.2;16.4;"";9000016
8;СОКОЛЬНИЧЕСКАЯ;59;Университет;2;Юг;6;3.2;19.2;"";10;1.0;10.0;"";0.0;0.0;0.0;"";3;8.2;24.6;"";4;3.2;12.8;"";0;0.0;0.0;"";0.0;0.0;0.0;"";0;0.0;0.0;"";9000017
8;СОКОЛЬНИЧЕСКАЯ;59;Университет;1;Север;6;3.2;19.2;"";7;1.0;7.0;"";0.0;0.0;0.0;"";3;8.2;24.6;"";4;3.2;12.8;"";0;0.0;0.0;"";0.0;0.0;0.0;В центре платформы 3 лестичных марша.  вниз   3.5м х 3.5 = 12.3  вверх 3.5м х 3.0 = 10.5 вверх и вниз 3.5м х 3.2 = 11.2;0;0.0;0.0;"";9000017
8;СОКОЛЬНИЧЕСКАЯ;62;Пр-т Вернадск.СЛ;2;Юг;4;3.2;12.8;"";6;1.0;6.0;"";7.0;3.2;22.4;"";0;0.0;0.0;"";4;3.2;12.8;"";0;0.0;0.0;"";0.0;0.0;0.0;"";0;0.0;0.0;"";9000018
8;СОКОЛЬНИЧЕСКАЯ;62;Пр-т Вернадск.СЛ;1;Север;3;3.2;9.6;"";6;1.0;6.0;"";5.0;3.2;12.8;"";0;0.0;0.0;"";3;3.2;9.6;"";0;0.0;0.0;"";0.0;0.0;0.0;"";0;0.0;0.0;"";9000018
8;СОКОЛЬНИЧЕСКАЯ;65;Юго-западная;1;Север;4;3.2;12.8;"";8;1.0;8.0;"";7.0;3.2;22.4;"";0;0.0;0.0;"";4;3.2;12.8;"";0;0.0;0.0;"";0.0;0.0;0.0;"";0;0.0;0.0;Лестницы в п/переходе 4 шт. по 3.5 м.;9000019
8;СОКОЛЬНИЧЕСКАЯ;65;Юго-западная;2;Юг;4;3.2;12.8;"";10;1.0;10.0;"";7.0;3.2;22.4;"";0;0.0;0.0;"";4;3.2;12.8;"";0;0.0;0.0;"5 реверс.";0.0;0.0;0.0;"";0;0.0;0.0;Лестницы в п/переходе 4 шт. по 3.5 м.;9000019
16;ТАГАНСК-КРАСНОПР;295;Выхино;5;Центр;4;3.2;12.8;"";23;1.0;23.0;"";0.0;0.0;0.0;"";0;0.0;0.0;"";0;0.0;0.0;"";0;0.0;0.0;"";0.0;0.0;0.0;"";0;0.0;0.0;"";9000135
16;ТАГАНСК-КРАСНОПР;295;Выхино;4;Восток;4;3.2;12.8;"";15;1.0;15.0;"";3.75;3.0;11.2;"";0;0.0;0.0;"";0;0.0;0.0;"";0;0.0;0.0;"";2.2;3.5;7.7;"";0;0.0;0.0;"";9000135
16;ТАГАНСК-КРАСНОПР;295;Выхино;3;Запад;4;3.2;12.8;"";7;1.0;7.0;"";3.75;3.0;11.2;"";0;0.0;0.0;"";0;0.0;0.0;"";0;0.0;0.0;"";2.2;3.5;7.7;"";0;0.0;0.0;"";9000135
16;ТАГАНСК-КРАСНОПР;299;Рязанский пр-т;4;Восток;3;3.2;9.6;"";7;1.0;7.0;"";2.8;3.5;9.8;"";1;8.2;8.2;"";3;3.2;9.6;"";4;2.5;10.0;"";0.0;0.0;0.0;"";0;0.0;0.0;"";9000134
16;ТАГАНСК-КРАСНОПР;299;Рязанский пр-т;3;Запад;3;3.2;9.6;"";7;1.0;7.0;"";2.8;3.5;9.8;"";1;8.2;8.2;"";3;3.2;9.6;"";4;2.5;10.0;"";0.0;0.0;0.0;"";0;0.0;0.0;"";9000134
16;ТАГАНСК-КРАСНОПР;302;Кузьминки;3;Запад;3;3.2;9.6;"";8;1.0;8.0;"";7.0;3.2;22.4;"";0;0.0;0.0;"";3;3.2;9.6;"";0;0.0;0.0;"";0.0;0.0;0.0;"";0;0.0;0.0;"";9000133
16;ТАГАНСК-КРАСНОПР;302;Кузьминки;4;Восток;4;3.2;12.8;"";8;1.0;8.0;"";2.2;3.5;7.5;"";2;8.2;16.4;"";4;3.2;12.8;"";5;2.5;12.5;реверс;0.0;0.0;0.0;"";0;0.0;0.0;"";9000133
16;ТАГАНСК-КРАСНОПР;305;Текстильщики ТКЛ;4;Восток;3;3.2;9.6;"";7;1.0;7.0;"";0.0;0.0;0.0;"";3;8.2;24.6;"";3;3.2;9.6;"";6;2.5;15.0;Орев. (1 б.от.из них);0.0;0.0;0.0;"";0;0.0;0.0;"";9000132
16;ТАГАНСК-КРАСНОПР;305;Текстильщики ТКЛ;3;Запад;3;3.2;9.6;"";9;1.0;9.0;"";7.0;3.2;22.4;"";0;0.0;0.0;"";3;3.2;9.6;"";5;2.5;12.5;"";0.0;0.0;0.0;"";0;0.0;0.0;"";9000132
16;ТАГАНСК-КРАСНОПР;308;Волгоградский пр;3;Запад;3;3.2;9.6;"";6;1.0;6.0;"";5.0;3.2;16.0;"";0;0.0;0.0;"";3;3.2;9.6;"";0;0.0;0.0;"";0.0;0.0;0.0;"";0;0.0;0.0;"";9000131
16;ТАГАНСК-КРАСНОПР;308;Волгоградский пр;4;Восток;4;3.2;12.8;"";6;1.0;6.0;"";5.0;3.2;16.0;"";0;0.0;0.0;"";4;3.2;12.8;"";0;0.0;0.0;"";0.0;0.0;0.0;"";0;0.0;0.0;"";9000131
16;ТАГАНСК-КРАСНОПР;311;Пролетарская;4;Восток;4;3.2;12.8;"";8;1.0;8.0;"";7.0;3.2;22.4;"";0;0.0;0.0;"";4;3.2;12.8;"";0;0.0;0.0;"";0.0;0.0;0.0;"";0;0.0;0.0;"";9000130
16;ТАГАНСК-КРАСНОПР;311;Пролетарская;3;Запад;4;3.2;12.8;"";8;1.0;8.0;"";7.0;3.2;22.4;"";0;0.0;0.0;"";4;3.2;12.8;"";0;0.0;0.0;"";0.0;0.0;0.0;"";0;0.0;0.0;"";9000130
16;ТАГАНСК-КРАСНОПР;314;Таганская ТКЛ;5;Центр;3;3.2;9.6;"";4;1.0;4.0;"";0.0;0.0;0.0;"";3;8.2;24.6;"";3;3.2;9.6;"";0;0.0;0.0;"";0.0;0.0;0.0;"";0;0.0;0.0;"";9000129
16;ТАГАНСК-КРАСНОПР;317;Кузнецкий мост;5;Центр;4;3.2;12.8;"";10;1.0;10.0;"";0.0;0.0;0.0;"";3;8.2;24.6;"";4;3.2;12.8;"";0;0.0;0.0;"";0.0;0.0;0.0;"";0;0.0;0.0;"";9000127
16;ТАГАНСК-КРАСНОПР;319;Пушкинская;0;"2";4;3.2;12.8;"";8;1.0;8.0;"";0.0;0.0;0.0;"";4;8.2;32.8;"";3;3.2;9.6;"";0;0.0;0.0;"";0.0;0.0;0.0;"";0;0.0;0.0;"";9000126
16;ТАГАНСК-КРАСНОПР;319;Пушкинская;0;"1";4;3.2;12.8;"";10;1.0;10.0;"";0.0;0.0;0.0;"";3;8.2;24.6;"";4;3.2;12.8;"";0;0.0;0.0;"";0.0;0.0;0.0;"";0;0.0;0.0;"";9000126
16;ТАГАНСК-КРАСНОПР;321;Баррикадная;5;Центр;4;3.2;12.8;"";10;1.0;10.0;"";0.0;0.0;0.0;"";3;8.2;24.6;"";4;3.2;12.8;"";0;0.0;0.0;"";0.0;0.0;0.0;"";0;0.0;0.0;"";9000125
16;ТАГАНСК-КРАСНОПР;323;Улица 1905 года;12;"1 вест.";4;3.2;12.8;"";9;1.0;9.0;"";0.0;0.0;0.0;"";3;8.2;24.6;"";4;3.2;12.8;"";0;0.0;0.0;"";0.0;0.0;0.0;"";0;0.0;0.0;"";9000124
16;ТАГАНСК-КРАСНОПР;323;Улица 1905 года;13;"2 вест.";4;3.2;12.8;"";8;1.0;8.0;"";7.0;3.2;22.4;"";0;0.0;0.0;"";4;3.2;12.8;"";0;0.0;0.0;"";0.0;0.0;0.0;"";0;0.0;0.0;"";9000124
16;ТАГАНСК-КРАСНОПР;326;Беговая;12;"1 вест.";4;3.2;12.8;"";7;1.0;7.0;"";2.4;3.5;8.4;"";0;0.0;0.0;"";4;3.2;12.8;"";0;0.0;0.0;"";0.0;0.0;0.0;"";2;8.2;16.4;"";9000123
16;ТАГАНСК-КРАСНОПР;326;Беговая;13;"2 вест.";4;3.2;12.8;"";7;1.0;7.0;"";2.4;3.5;8.4;"";0;0.0;0.0;"";4;3.2;12.8;"";0;0.0;0.0;"";0.0;0.0;0.0;"";2;8.2;16.4;"";9000123
16;ТАГАНСК-КРАСНОПР;329;Полежаевская;12;"1 вест.";4;3.2;12.8;"";11;1.0;11.0;"";2.4;3.5;8.4;"";0;0.0;0.0;"";4;3.2;12.8;"";5;2.5;12.5;"";0.0;0.0;0.0;"";1;8.2;8.2;"";9000122
16;ТАГАНСК-КРАСНОПР;329;Полежаевская;13;"2 вест.";4;3.2;12.8;"";10;1.0;10.0;"";7.0;3.2;22.4;"";0;0.0;0.0;"";4;3.2;12.8;"";5;2.5;12.5;"";0.0;0.0;0.0;"";0;0.0;0.0;"";9000122
16;ТАГАНСК-КРАСНОПР;332;Октябрьское поле;12;"1 вест.";4;3.2;12.8;"";8;1.0;8.0;"";7.0;3.2;22.4;"";0;0.0;0.0;"";4;3.2;12.8;"";0;0.0;0.0;"";0.0;0.0;0.0;"";0;0.0;0.0;"";9000121
16;ТАГАНСК-КРАСНОПР;332;Октябрьское поле;13;"2 вест.";4;3.2;12.8;"";8;1.0;8.0;"";7.0;3.2;22.4;"";0;0.0;0.0;"";4;3.2;12.8;"";0;0.0;0.0;"";0.0;0.0;0.0;"";0;0.0;0.0;"";9000121
16;ТАГАНСК-КРАСНОПР;335;Щукинская;12;"1 вест.";4;3.2;12.8;"";9;1.0;9.0;"";0.0;0.0;0.0;"";3;8.2;24.6;"";4;3.2;12.8;"";5;2.5;12.5;"";0.0;0.0;0.0;"";0;0.0;0.0;"";9000120
16;ТАГАНСК-КРАСНОПР;335;Щукинская;13;"2 вест.";4;3.2;12.8;"";7;1.0;7.0;"";7.0;3.2;22.4;"";0;0.0;0.0;"";4;3.2;12.8;"";5;2.5;12.5;"";0.0;0.0;0.0;"";0;0.0;0.0;"";9000120
16;ТАГАНСК-КРАСНОПР;338;Тушинская;12;"1 вест.";4;3.2;12.8;"";8;1.0;8.0;"";7.0;3.2;22.4;"";0;0.0;0.0;"";4;3.2;12.8;"";0;0.0;0.0;"";0.0;0.0;0.0;"";0;0.0;0.0;"";9000118
16;ТАГАНСК-КРАСНОПР;338;Тушинская;13;"2 вест.";4;3.2;12.8;"";13;1.0;13.0;"";0.0;0.0;0.0;"";3;8.2;24.6;"";4;3.2;12.8;"";0;0.0;0.0;"";0.0;0.0;0.0;"";0;0.0;0.0;"";9000118
16;ТАГАНСК-КРАСНОПР;341;Сходненская;12;"1 вест.";4;3.2;12.8;"";8;1.0;8.0;"";7.0;3.2;22.4;"";0;0.0;0.0;"";4;3.2;12.8;"";0;0.0;0.0;"";0.0;0.0;0.0;"";0;0.0;0.0;"";9000117
16;ТАГАНСК-КРАСНОПР;341;Сходненская;13;"2 вест.";4;3.2;12.8;"";8;1.0;8.0;"";2.4;3.5;8.4;"";0;0.0;0.0;"";4;3.2;12.8;"";0;0.0;0.0;"";0.0;0.0;0.0;"";2;8.2;16.4;"";9000117
16;ТАГАНСК-КРАСНОПР;344;Планерная;13;"2 вест.";4;3.2;12.8;"";12;1.0;12.0;"";2.4;3.5;8.4;"";2;8.2;16.4;"";4;3.2;12.8;"";2;2.5;5.0;своб. место;0.0;0.0;0.0;"";2;8.2;16.4;"";9000116
16;ТАГАНСК-КРАСНОПР;344;Планерная;12;"1 вест.";4;3.2;12.8;"";6;1.0;6.0;"";2.4;3.5;8.4;"";2;8.2;16.4;"";4;3.2;12.8;"";0;0.0;0.0;"";0.0;0.0;0.0;"";2;8.2;16.4;"";9000116
13;ФИЛЁВСКАЯ;155;Александр. сад;5;Центр;3;3.2;9.6;"";6;1.0;6.0;"";2.5;3.2;8.0;"";0;0.0;0.0;"";3;3.2;9.6;"";4;2.5;10.0;"";2.5;3.0;7.5;"";0;0.0;0.0;"";9000067
13;ФИЛЁВСКАЯ;155;Александр. сад;5;Центр;10;3.2;32.0;"";8;1.0;8.0;"";3.5;3.2;11.2;"";0;0.0;0.0;"";4;3.2;12.8;"";4;2.5;10.0;"";0.0;0.0;0.0;"";0;0.0;0.0;"";9000067
13;ФИЛЁВСКАЯ;158;Арбатская ФЛ;5;Центр;2;3.2;6.4;"";6;1.0;6.0;"";7.0;3.2;22.4;"";0;0.0;0.0;"";2;3.2;6.4;"";4;2.5;10.0;"";0.0;0.0;0.0;"";0;0.0;0.0;"";9000068
13;ФИЛЁВСКАЯ;160;Смоленская ФЛ;5;Центр;3;3.2;9.6;"";4;1.0;4.0;"";7.0;3.2;22.4;"";0;0.0;0.0;"";3;3.2;9.6;"";3;2.5;7.5;"";0.0;0.0;0.0;"";0;0.0;0.0;"";9000069
13;ФИЛЁВСКАЯ;163;Студенческая;5;Центр;3;3.2;9.6;"";5;1.0;5.0;"";2.7;3.2;8.6;"";0;0.0;0.0;"";6;3.2;19.2;"";5;2.5;12.5;"";0.0;0.0;0.0;"";0;0.0;0.0;"";9000071
13;ФИЛЁВСКАЯ;165;Кутузовская ФЛ;1;Север;3;3.2;9.6;"";5;1.0;5.0;"";2.7;3.2;8.6;"";0;0.0;0.0;"";3;3.2;9.6;"";5;2.5;12.5;"";0.0;0.0;0.0;"";0;0.0;0.0;"";9000072
13;ФИЛЁВСКАЯ;165;Кутузовская ФЛ;2;Юг;3;3.2;9.6;"";5;1.0;5.0;"";2.7;3.2;8.6;"";0;0.0;0.0;"";3;3.2;9.6;"";5;2.5;12.5;"";0.0;0.0;0.0;"";0;0.0;0.0;"";9000072
13;ФИЛЁВСКАЯ;168;Фили;3;Запад;3;3.2;9.6;"";4;1.0;4.0;"";3.7;3.2;11.8;"";0;0.0;0.0;"";0;0.0;0.0;"";12;2.5;30.0;"";0.0;0.0;0.0;"";0;0.0;0.0;"";9000073
13;ФИЛЁВСКАЯ;168;Фили;4;Восток;3;3.2;9.6;"";5;1.0;5.0;"";4.4;3.2;14.1;"";0;0.0;0.0;"";6;3.2;19.2;"";12;2.5;30.0;"";0.0;0.0;0.0;"";0;0.0;0.0;"";9000073
13;ФИЛЁВСКАЯ;171;Багратионовская;3;Запад;2;3.2;6.4;"";3;1.0;3.0;"";3.0;3.2;9.6;"";0;0.0;0.0;"";2;3.2;6.4;"";3;2.5;7.5;"";0.0;0.0;0.0;"";0;0.0;0.0;"";9000074
13;ФИЛЁВСКАЯ;171;Багратионовская;4;Восток;2;3.2;6.4;"";3;1.0;3.0;"";3.0;3.2;9.6;"";0;0.0;0.0;"";2;3.2;6.4;"";3;2.5;7.5;"";0.0;0.0;0.0;"";0;0.0;0.0;"";9000074
13;ФИЛЁВСКАЯ;174;Филёвский парк;3;Запад;2;3.2;6.4;"";3;1.0;3.0;"";3.0;3.2;9.6;"";0;0.0;0.0;"";2;3.2;6.4;"";3;2.5;7.5;"";0.0;0.0;0.0;"";0;0.0;0.0;"";9000075
13;ФИЛЁВСКАЯ;174;Филёвский парк;4;Восток;2;3.2;6.4;"";3;1.0;3.0;"";3.0;3.2;9.6;"";0;0.0;0.0;"";2;3.2;6.4;"";3;2.5;7.5;"";0.0;0.0;0.0;"";0;0.0;0.0;"";9000075
13;ФИЛЁВСКАЯ;177;Пионерская;3;Запад;2;3.2;6.4;"";3;1.0;3.0;"";3.0;3.2;9.6;"";0;0.0;0.0;"";2;3.2;6.4;"";3;2.5;7.5;"";0.0;0.0;0.0;"";0;0.0;0.0;"";9000076
13;ФИЛЁВСКАЯ;177;Пионерская;4;Восток;2;3.2;6.4;"";3;1.0;3.0;"";3.0;3.2;9.6;"";0;0.0;0.0;"";2;3.2;6.4;"";3;2.5;7.5;"";0.0;0.0;0.0;"";0;0.0;0.0;"";9000076
13;ФИЛЁВСКАЯ;180;Кунцевская ФЛ;3;Запад;2;3.2;9.6;"";3;1.0;3.0;"";3.0;3.2;9.6;"";0;0.0;0.0;"";2;3.2;6.4;"";3;2.5;7.5;"1 - реверс.";0.0;0.0;0.0;"";0;0.0;0.0;"";9000077
